timestamp,total_angle
11244.0,0.0
11246.0,0.0
11248.0,0.0
11250.0,0.0
11252.0,0.0
11253.0,0.0
11255.0,0.0
11257.0,0.0
11259.0,0.0
11261.0,0.0
11264.0,0.0
11265.0,0.0
11267.0,0.0
11269.0,0.0
11271.0,0.0
11273.0,0.0
11274.0,0.0
11276.0,0.0
11278.0,0.0
11280.0,0.0
11282.0,0.0
11283.0,0.0
11285.0,0.0
11287.0,0.0
11289.0,0.0
11291.0,0.0
11293.0,0.0
11294.0,0.0
11296.0,0.0
11298.0,0.0
11300.0,0.0
11302.0,0.0
11303.0,0.0
11305.0,0.0
11308.0,0.0
11310.0,0.0
11312.0,0.0
11314.0,0.0
11315.0,0.0
11317.0,0.0
11319.0,0.0
11321.0,0.0
11323.0,0.0
11324.0,0.01
11326.0,0.01
11328.0,0.01
11330.0,0.01
11332.0,0.01
11334.0,0.01
11335.0,0.01
11337.0,0.01
11339.0,0.01
11341.0,0.01
11343.0,0.01
11344.0,0.01
11346.0,0.01
11348.0,0.01
11351.0,0.01
11353.0,0.01
11355.0,0.01
11356.0,0.01
11358.0,0.01
11360.0,0.01
11362.0,0.01
11364.0,0.01
11365.0,0.01
11367.0,0.01
11369.0,0.01
11371.0,0.01
11373.0,0.01
11375.0,0.01
11376.0,0.01
11378.0,0.01
11380.0,0.01
11382.0,0.01
11384.0,0.01
11385.0,0.01
11387.0,0.01
11389.0,0.01
11392.0,0.01
11394.0,0.01
11396.0,0.01
11397.0,0.01
11399.0,0.01
11401.0,0.01
11403.0,0.01
11405.0,0.01
11406.0,0.01
11408.0,0.01
11410.0,0.01
11412.0,0.01
11414.0,0.01
11416.0,0.01
11417.0,0.01
11419.0,0.01
11421.0,0.01
11423.0,0.01
11425.0,0.01
11426.0,0.01
11428.0,0.01
11430.0,0.01
11432.0,0.01
11435.0,0.01
11437.0,0.01
11438.0,0.01
11440.0,0.01
11442.0,0.01
11444.0,0.01
11446.0,0.01
11447.0,0.01
11449.0,0.01
11451.0,0.01
11453.0,0.01
11455.0,0.01
11457.0,0.01
11458.0,0.01
11460.0,0.01
11462.0,0.01
11464.0,0.01
11466.0,0.01
11467.0,0.01
11469.0,0.01
11471.0,0.01
11473.0,0.01
11475.0,0.01
11478.0,0.01
11479.0,0.01
11481.0,0.01
11483.0,0.01
11485.0,0.01
11487.0,0.01
11488.0,0.01
11490.0,0.01
11492.0,0.01
11494.0,0.01
11496.0,0.01
11498.0,0.01
11499.0,0.01
11501.0,0.01
11503.0,0.01
11505.0,0.01
11507.0,0.01
11508.0,0.01
11510.0,0.01
11512.0,0.01
11514.0,0.01
11516.0,0.01
11518.0,0.01
11520.0,0.01
11522.0,0.01
11524.0,0.01
11526.0,0.01
11528.0,0.01
11530.0,0.01
11531.0,0.01
11533.0,0.01
11535.0,0.01
11537.0,0.01
11539.0,0.01
11540.0,0.01
11542.0,0.01
11544.0,0.01
11546.0,0.01
11548.0,0.01
11550.0,0.01
11551.0,0.01
11553.0,0.01
11555.0,0.01
11557.0,0.01
11559.0,0.01
11560.0,0.01
11563.0,0.01
11565.0,0.01
11567.0,0.01
11569.0,0.01
11571.0,0.01
11572.0,0.01
11574.0,0.01
11576.0,0.01
11578.0,0.01
11580.0,0.01
11581.0,0.01
11583.0,0.01
11585.0,0.01
11587.0,0.01
11589.0,0.01
11591.0,0.01
11592.0,0.01
11594.0,0.01
11596.0,0.01
11598.0,0.01
11600.0,0.01
11601.0,0.01
11603.0,0.01
11606.0,0.01
11608.0,0.01
11610.0,0.01
11612.0,0.01
11613.0,0.01
11615.0,0.01
11617.0,0.01
11619.0,0.01
11621.0,0.0
11622.0,0.0
11624.0,0.0
11626.0,0.0
11628.0,0.0
11630.0,0.0
11631.0,0.0
11633.0,0.0
11635.0,0.0
11637.0,0.0
11639.0,0.0
11641.0,0.0
11642.0,0.0
11644.0,0.0
11646.0,0.0
11649.0,0.0
11651.0,0.0
11652.0,0.0
11654.0,0.0
11656.0,0.0
11658.0,0.0
11660.0,0.0
11662.0,0.0
11663.0,0.0
11665.0,0.0
11667.0,0.0
11669.0,0.0
11671.0,0.0
11672.0,0.0
11674.0,0.0
11676.0,0.0
11678.0,0.0
11680.0,0.0
11682.0,0.0
11683.0,0.0
11685.0,0.0
11687.0,0.0
11689.0,0.0
11692.0,0.0
11693.0,0.0
11695.0,0.0
11697.0,0.0
11699.0,0.0
11701.0,0.0
11703.0,0.0
11704.0,0.0
11706.0,0.0
11708.0,0.0
11710.0,0.0
11712.0,0.0
11713.0,0.0
11715.0,0.0
11717.0,0.0
11719.0,0.0
11721.0,0.0
11722.0,0.0
11724.0,0.0
11726.0,0.0
11728.0,0.0
11730.0,0.0
11731.0,0.0
11734.0,0.0
11736.0,0.0
11738.0,0.0
11739.0,0.0
11741.0,0.0
11743.0,0.0
11745.0,0.0
11747.0,0.0
11748.0,0.0
11750.0,0.0
11752.0,0.0
11754.0,0.0
11755.0,0.0
11757.0,0.0
11759.0,0.0
11761.0,0.0
11762.0,0.0
11764.0,0.0
11766.0,0.0
11768.0,0.0
11770.0,0.0
11771.0,0.0
11773.0,0.0
11776.0,0.0
11778.0,0.0
11779.0,0.0
11781.0,0.0
11783.0,0.0
11785.0,0.0
11786.0,0.0
11788.0,0.0
11790.0,0.0
11792.0,0.0
11794.0,0.0
11795.0,0.0
11797.0,0.0
11799.0,0.0
11801.0,0.0
11802.0,0.0
11804.0,0.0
11806.0,0.0
11808.0,0.0
11810.0,0.0
11811.0,0.0
11813.0,-0.0
11815.0,-0.0
11817.0,0.0
11820.0,-0.0
11821.0,-0.0
11823.0,-0.0
11825.0,0.0
11827.0,-0.0
11829.0,-0.0
11831.0,-0.0
11833.0,-0.0
11834.0,-0.0
11836.0,-0.0
11838.0,-0.0
11840.0,-0.0
11842.0,-0.0
11844.0,-0.0
11845.0,-0.0
11847.0,-0.0
11849.0,-0.0
11851.0,-0.0
11853.0,-0.0
11855.0,-0.0
11857.0,-0.0
11858.0,-0.0
11860.0,-0.0
11863.0,-0.0
11865.0,-0.0
11867.0,-0.0
11869.0,-0.0
11871.0,-0.0
11872.0,-0.0
11874.0,-0.0
11876.0,-0.0
11878.0,-0.0
11880.0,-0.0
11882.0,-0.0
11883.0,-0.0
11885.0,-0.0
11887.0,-0.0
11889.0,-0.0
11891.0,-0.0
11893.0,-0.0
11895.0,-0.0
11896.0,-0.0
11898.0,-0.0
11900.0,-0.0
11902.0,-0.0
11905.0,-0.0
11907.0,-0.0
11909.0,-0.0
11910.0,-0.0
11912.0,-0.0
11914.0,-0.0
11916.0,-0.0
11918.0,-0.0
11920.0,-0.0
11921.0,-0.0
11923.0,-0.0
11925.0,-0.0
11927.0,-0.0
11929.0,-0.0
11931.0,-0.0
11933.0,-0.0
11934.0,-0.0
11936.0,-0.0
11938.0,-0.0
11940.0,-0.0
11942.0,-0.0
11944.0,-0.0
11947.0,-0.0
11948.0,-0.0
11950.0,-0.0
11952.0,-0.0
11954.0,-0.0
11956.0,-0.0
11958.0,-0.0
11960.0,-0.0
11961.0,-0.0
11963.0,-0.0
11965.0,-0.0
11967.0,-0.0
11969.0,-0.0
11971.0,-0.0
11972.0,-0.0
11974.0,-0.0
11976.0,0.0
11978.0,-0.0
11980.0,-0.0
11982.0,0.0
11983.0,0.0
11985.0,0.0
11987.0,0.0
11990.0,0.0
11991.0,0.0
11993.0,0.0
11995.0,0.0
11997.0,0.0
11999.0,0.0
12000.0,0.0
12002.0,0.0
12004.0,0.0
12006.0,0.0
12007.0,0.0
12009.0,0.0
12011.0,0.0
12013.0,0.0
12015.0,0.0
12016.0,0.0
12018.0,0.0
12020.0,0.0
12022.0,0.0
12023.0,0.0
12025.0,0.0
12027.0,0.0
12029.0,0.0
12030.0,0.0
12033.0,0.0
12035.0,0.0
12037.0,0.0
12039.0,0.0
12040.0,0.0
12042.0,0.0
12044.0,0.0
12046.0,0.0
12047.0,0.0
12049.0,0.0
12051.0,0.0
12053.0,0.0
12054.0,0.0
12056.0,0.0
12058.0,0.0
12060.0,0.0
12062.0,0.0
12063.0,0.0
12065.0,0.0
12067.0,0.0
12069.0,0.0
12070.0,0.0
12072.0,0.0
12075.0,0.0
12077.0,0.0
12079.0,0.0
12081.0,0.0
12082.0,0.0
12084.0,0.0
12086.0,0.0
12088.0,0.0
12090.0,0.0
12091.0,0.0
12093.0,0.0
12095.0,0.0
12097.0,0.0
12099.0,0.0
12100.0,0.0
12102.0,0.0
12104.0,0.0
12106.0,0.0
12108.0,0.0
12110.0,0.0
12111.0,0.0
12113.0,0.0
12115.0,0.0
12118.0,0.0
12120.0,0.0
12121.0,0.0
12123.0,0.0
12125.0,0.0
12127.0,0.0
12129.0,0.0
12131.0,0.0
12132.0,0.0
12134.0,0.0
12136.0,0.0
12138.0,0.0
12140.0,0.0
12141.0,0.0
12143.0,0.0
12145.0,0.0
12147.0,0.0
12149.0,0.0
12150.0,0.0
12152.0,0.0
12154.0,0.0
12156.0,0.0
12158.0,0.0
12161.0,0.0
12162.0,0.0
12164.0,0.0
12166.0,0.0
12168.0,0.0
12170.0,0.0
12171.0,0.0
12173.0,0.0
12175.0,0.0
12177.0,0.0
12179.0,0.0
12181.0,0.0
12182.0,0.0
12184.0,0.0
12186.0,0.0
12188.0,0.0
12190.0,0.0
12191.0,0.0
12193.0,0.0
12195.0,0.0
12197.0,0.0
12199.0,0.0
12201.0,0.0
12203.0,0.0
12205.0,0.0
12207.0,0.0
12209.0,0.0
12211.0,0.0
12212.0,0.0
12214.0,0.0
12216.0,0.0
12218.0,0.0
12220.0,0.0
12221.0,0.0
12223.0,0.0
12225.0,0.0
12227.0,0.0
12229.0,0.0
12231.0,0.0
12232.0,0.0
12234.0,0.0
12236.0,0.0
12238.0,0.0
12240.0,0.0
12241.0,0.0
12243.0,0.0
12246.0,0.0
12248.0,0.0
12250.0,0.0
12252.0,0.0
12253.0,0.0
12255.0,0.0
12257.0,0.0
12259.0,0.0
12261.0,0.0
12262.0,0.0
12264.0,0.0
12266.0,0.0
12268.0,0.0
12270.0,0.0
12271.0,0.0
12273.0,0.0
12275.0,0.0
12277.0,0.0
12279.0,0.0
12281.0,0.0
12282.0,0.0
12284.0,0.0
12286.0,0.0
12289.0,0.0
12291.0,0.0
12292.0,0.0
12294.0,0.0
12296.0,0.0
12298.0,0.0
12300.0,0.0
12302.0,0.0
12303.0,0.0
12305.0,0.0
12307.0,0.0
12309.0,0.0
12311.0,0.0
12312.0,0.0
12314.0,0.0
12316.0,0.0
12318.0,0.0
12320.0,0.0
12322.0,0.0
12323.0,0.0
12325.0,0.0
12327.0,0.0
12329.0,0.0
12332.0,0.0
12333.0,0.0
12335.0,0.0
12337.0,0.0
12339.0,0.0
12341.0,0.0
12342.0,0.0
12344.0,0.0
12346.0,0.0
12348.0,0.0
12350.0,0.0
12352.0,0.0
12353.0,0.0
12355.0,0.0
12357.0,0.0
12359.0,0.0
12361.0,0.0
12362.0,0.0
12364.0,0.0
12366.0,0.0
12368.0,0.0
12370.0,0.0
12371.0,0.0
12374.0,0.0
12376.0,0.0
12378.0,0.0
12380.0,0.0
12381.0,0.0
12383.0,0.0
12385.0,0.0
12387.0,0.0
12389.0,0.0
12390.0,0.0
12392.0,0.0
12394.0,0.0
12396.0,0.0
12398.0,0.0
12399.0,0.0
12401.0,0.0
12403.0,0.0
12405.0,0.0
12406.0,0.0
12408.0,0.0
12410.0,0.0
12412.0,0.0
12414.0,0.0
12416.0,0.0
12418.0,0.0
12420.0,0.0
12422.0,0.0
12424.0,0.0
12425.0,0.0
12427.0,0.0
12429.0,0.0
12431.0,0.0
12433.0,0.0
12434.0,0.0
12436.0,0.0
12438.0,0.0
12440.0,0.0
12442.0,0.0
12444.0,0.0
12445.0,0.0
12447.0,0.0
12449.0,0.0
12451.0,0.0
12453.0,0.0
12454.0,0.0
12456.0,0.0
12459.0,0.0
12461.0,0.0
12463.0,0.0
12464.0,0.0
12466.0,0.0
12468.0,0.0
12470.0,0.0
12472.0,0.0
12474.0,0.0
12475.0,0.0
12477.0,0.0
12479.0,0.0
12481.0,0.0
12483.0,0.0
12484.0,0.0
12486.0,0.0
12488.0,0.0
12490.0,0.0
12492.0,0.0
12494.0,0.0
12495.0,0.0
12497.0,0.0
12499.0,0.0
12502.0,0.0
12504.0,0.0
12505.0,0.0
12507.0,0.0
12509.0,0.0
12511.0,0.0
12513.0,0.0
12515.0,0.0
12516.0,0.0
12518.0,0.0
12520.0,0.0
12522.0,0.0
12524.0,0.0
12525.0,0.0
12527.0,0.0
12529.0,0.0
12531.0,0.0
12533.0,0.0
12534.0,0.0
12536.0,0.0
12538.0,0.0
12540.0,0.0
12542.0,0.0
12545.0,0.0
12546.0,0.0
12548.0,0.0
12550.0,0.0
12552.0,0.0
12554.0,0.0
12555.0,0.0
12557.0,0.0
12559.0,0.0
12561.0,0.0
12563.0,0.0
12564.0,0.0
12566.0,0.0
12568.0,0.0
12570.0,0.0
12572.0,0.0
12573.0,0.0
12575.0,0.0
12577.0,0.0
12579.0,0.0
12580.0,0.0
12582.0,0.0
12584.0,0.0
12587.0,0.0
12588.0,0.0
12590.0,0.0
12592.0,0.0
12594.0,0.0
12596.0,0.0
12597.0,0.0
12599.0,0.0
12601.0,0.0
12603.0,0.0
12604.0,0.0
12606.0,0.0
12608.0,0.0
12610.0,0.0
12612.0,0.0
12613.0,0.0
12615.0,0.0
12617.0,0.0
12619.0,0.0
12620.0,0.0
12622.0,0.0
12624.0,0.0
12626.0,0.0
12627.0,0.0
12630.0,0.0
12632.0,0.0
12634.0,0.0
12636.0,0.0
12637.0,0.0
12639.0,0.0
12641.0,0.0
12643.0,0.0
12644.0,-0.0
12646.0,0.0
12648.0,0.0
12650.0,0.0
12652.0,0.0
12653.0,0.0
12655.0,-0.0
12657.0,-0.0
12659.0,0.0
12661.0,0.0
12662.0,0.0
12664.0,0.0
12666.0,-0.0
12668.0,-0.0
12670.0,-0.0
12673.0,-0.0
12674.0,-0.0
12676.0,-0.0
12678.0,-0.0
12680.0,-0.0
12682.0,-0.0
12684.0,0.0
12685.0,-0.0
12687.0,-0.0
12689.0,-0.0
12691.0,-0.0
12693.0,-0.0
12695.0,-0.0
12697.0,-0.0
12698.0,-0.0
12700.0,-0.0
12702.0,-0.0
12704.0,-0.0
12706.0,-0.0
12708.0,-0.0
12710.0,-0.0
12711.0,-0.0
12713.0,-0.0
12716.0,-0.0
12718.0,-0.0
12720.0,-0.0
12722.0,-0.0
12723.0,-0.0
12725.0,-0.0
12727.0,-0.0
12729.0,-0.0
12731.0,-0.0
12733.0,-0.0
12735.0,-0.0
12736.0,-0.0
12738.0,-0.0
12740.0,-0.0
12742.0,-0.0
12744.0,-0.0
12746.0,-0.0
12748.0,-0.0
12749.0,-0.0
12751.0,-0.0
12753.0,-0.0
12755.0,-0.0
12758.0,-0.0
12760.0,-0.0
12762.0,-0.0
12763.0,-0.0
12765.0,-0.0
12767.0,-0.0
12769.0,-0.0
12771.0,-0.0
12773.0,-0.0
12774.0,-0.0
12776.0,-0.0
12778.0,-0.0
12780.0,-0.0
12782.0,-0.0
12784.0,-0.0
12786.0,-0.0
12787.0,-0.0
12789.0,-0.0
12791.0,-0.0
12793.0,-0.0
12795.0,-0.0
12797.0,-0.0
12800.0,-0.0
12801.0,-0.0
12803.0,-0.0
12805.0,-0.0
12807.0,-0.0
12809.0,-0.0
12811.0,-0.0
12812.0,-0.0
12814.0,-0.0
12816.0,-0.0
12818.0,-0.0
12820.0,-0.0
12822.0,-0.0
12824.0,-0.0
12825.0,-0.0
12827.0,-0.0
12829.0,-0.0
12831.0,-0.0
12833.0,-0.0
12835.0,-0.0
12837.0,-0.0
12838.0,-0.0
12840.0,-0.0
12843.0,-0.0
12845.0,-0.0
12847.0,-0.0
12849.0,-0.0
12850.0,-0.0
12852.0,-0.0
12854.0,-0.0
12856.0,-0.0
12858.0,-0.0
12860.0,-0.0
12862.0,-0.0
12863.0,-0.0
12865.0,-0.0
12867.0,-0.0
12869.0,-0.0
12871.0,-0.0
12873.0,-0.0
12875.0,-0.0
12876.0,-0.0
12878.0,-0.0
12880.0,-0.0
12882.0,-0.0
12884.0,-0.0
12887.0,-0.0
12888.0,-0.0
12890.0,-0.0
12892.0,-0.0
12894.0,-0.0
12896.0,-0.0
12898.0,-0.0
12900.0,-0.0
12901.0,-0.0
12903.0,-0.0
12905.0,-0.0
12907.0,-0.0
12909.0,-0.0
12911.0,-0.0
12913.0,-0.0
12914.0,-0.0
12916.0,-0.0
12918.0,-0.0
12920.0,-0.0
12922.0,-0.0
12924.0,-0.0
12925.0,-0.0
12928.0,-0.0
12930.0,-0.0
12932.0,-0.0
12934.0,-0.0
12936.0,-0.0
12938.0,-0.0
12939.0,-0.0
12941.0,-0.0
12943.0,-0.0
12945.0,-0.0
12947.0,-0.0
12949.0,-0.0
12951.0,-0.0
12952.0,-0.0
12954.0,-0.0
12956.0,-0.0
12958.0,-0.0
12960.0,-0.0
12962.0,-0.0
12963.0,-0.0
12965.0,-0.0
12967.0,-0.0
12969.0,-0.0
12972.0,-0.0
12974.0,-0.0
12976.0,-0.0
12977.0,-0.0
12979.0,-0.0
12981.0,-0.0
12983.0,-0.0
12985.0,-0.0
12987.0,-0.0
12989.0,-0.0
12990.0,-0.0
12992.0,-0.0
12994.0,-0.0
12996.0,-0.0
12998.0,-0.0
13000.0,-0.0
13001.0,-0.0
13003.0,-0.0
13005.0,-0.0
13007.0,-0.0
13009.0,-0.0
13011.0,-0.0
13014.0,-0.0
13015.0,-0.0
13017.0,-0.0
13019.0,-0.0
13021.0,-0.0
13023.0,-0.0
13025.0,-0.0
13027.0,-0.0
13028.0,-0.0
13030.0,-0.0
13032.0,-0.0
13034.0,-0.0
13036.0,-0.0
13038.0,-0.0
13039.0,-0.0
13041.0,-0.0
13043.0,-0.0
13045.0,-0.0
13047.0,-0.0
13049.0,-0.0
13051.0,-0.0
13052.0,-0.0
13054.0,-0.0
13057.0,-0.0
13059.0,-0.0
13061.0,-0.0
13063.0,-0.0
13065.0,-0.0
13066.0,-0.0
13068.0,-0.0
13070.0,-0.0
13072.0,-0.0
13074.0,-0.0
13076.0,-0.0
13077.0,-0.0
13079.0,-0.0
13081.0,-0.0
13083.0,-0.0
13085.0,-0.0
13087.0,-0.0
13089.0,-0.0
13090.0,-0.0
13092.0,-0.0
13094.0,-0.0
13096.0,-0.0
13099.0,-0.0
13101.0,-0.0
13103.0,-0.0
13104.0,-0.0
13106.0,-0.0
13108.0,-0.0
13110.0,-0.0
13112.0,-0.0
13114.0,-0.0
13115.0,-0.0
13117.0,-0.0
13119.0,-0.0
13121.0,-0.0
13123.0,-0.0
13125.0,-0.0
13127.0,-0.0
13128.0,-0.0
13130.0,-0.0
13132.0,-0.0
13134.0,-0.0
13136.0,-0.0
13138.0,-0.0
13140.0,-0.0
13142.0,-0.0
13144.0,-0.0
13146.0,-0.0
13148.0,-0.0
13150.0,-0.0
13152.0,-0.0
13153.0,-0.0
13155.0,-0.0
13157.0,-0.0
13159.0,-0.0
13161.0,-0.0
13163.0,-0.0
13165.0,-0.0
13166.0,-0.0
13168.0,-0.0
13170.0,-0.0
13172.0,-0.0
13174.0,-0.0
13176.0,-0.0
13178.0,-0.0
13179.0,-0.0
13181.0,-0.0
13184.0,-0.0
13186.0,-0.0
13188.0,-0.0
13190.0,-0.0
13191.0,-0.0
13193.0,-0.0
13195.0,-0.0
13197.0,-0.0
13199.0,-0.0
13201.0,-0.0
13203.0,-0.0
13204.0,-0.0
13206.0,-0.0
13208.0,-0.0
13210.0,-0.0
13212.0,-0.0
13214.0,-0.0
13216.0,-0.0
13217.0,-0.0
13219.0,-0.0
13221.0,-0.0
13223.0,-0.0
13225.0,-0.0
13228.0,-0.0
13230.0,-0.0
13231.0,-0.0
13233.0,-0.0
13235.0,-0.0
13237.0,-0.0
13239.0,-0.0
13241.0,-0.0
13242.0,-0.0
13244.0,-0.0
13246.0,-0.0
13248.0,-0.0
13250.0,-0.0
13252.0,-0.0
13254.0,-0.0
13255.0,-0.0
13257.0,-0.0
13259.0,-0.0
13261.0,-0.0
13263.0,-0.0
13265.0,-0.0
13267.0,-0.0
13268.0,-0.0
13271.0,-0.0
13273.0,-0.0
13275.0,-0.0
13277.0,-0.0
13279.0,-0.0
13281.0,-0.0
13282.0,-0.0
13284.0,-0.0
13286.0,-0.0
13288.0,-0.0
13290.0,-0.0
13292.0,-0.0
13293.0,-0.0
13295.0,-0.0
13297.0,-0.0
13299.0,-0.0
13301.0,-0.0
13303.0,-0.0
13305.0,-0.0
13306.0,-0.0
13308.0,-0.0
13310.0,-0.0
13313.0,-0.0
13315.0,-0.0
13317.0,-0.0
13319.0,-0.0
13320.0,-0.0
13322.0,-0.0
13324.0,-0.0
13326.0,-0.0
13328.0,-0.0
13330.0,-0.0
13331.0,-0.0
13333.0,-0.0
13335.0,-0.0
13337.0,-0.0
13339.0,-0.0
13341.0,-0.0
13343.0,-0.0
13344.0,-0.0
13346.0,-0.0
13348.0,-0.0
13350.0,-0.0
13352.0,-0.0
13355.0,-0.0
13357.0,-0.0
13358.0,-0.0
13360.0,-0.0
13362.0,-0.0
13364.0,-0.0
13366.0,-0.0
13368.0,-0.0
13369.0,-0.0
13371.0,-0.0
13373.0,-0.0
13375.0,-0.0
13377.0,-0.0
13379.0,-0.0
13381.0,-0.0
13382.0,-0.0
13384.0,-0.0
13386.0,-0.0
13388.0,-0.0
13390.0,-0.0
13392.0,-0.0
13394.0,-0.0
13395.0,-0.0
13398.0,-0.0
13400.0,-0.0
13402.0,-0.0
13404.0,-0.0
13406.0,-0.0
13407.0,-0.0
13409.0,-0.0
13411.0,-0.0
13413.0,-0.0
13415.0,-0.0
13417.0,-0.0
13419.0,-0.0
13420.0,-0.0
13422.0,-0.0
13424.0,-0.0
13426.0,-0.0
13428.0,-0.0
13430.0,-0.0
13432.0,-0.0
13433.0,-0.0
13435.0,-0.0
13437.0,-0.0
13440.0,-0.0
13442.0,-0.0
13444.0,-0.0
13445.0,-0.0
13447.0,-0.0
13449.0,-0.0
13451.0,-0.0
13453.0,-0.0
13455.0,-0.0
13457.0,-0.0
13458.0,-0.0
13460.0,-0.0
13462.0,-0.0
13464.0,-0.0
13466.0,-0.0
13468.0,-0.0
13470.0,-0.0
13471.0,-0.0
13473.0,-0.0
13475.0,-0.0
13477.0,-0.0
13479.0,-0.0
13481.0,-0.0
13483.0,-0.0
13485.0,-0.0
13487.0,-0.0
13489.0,-0.0
13491.0,-0.0
13493.0,-0.0
13495.0,-0.0
13496.0,-0.0
13498.0,-0.0
13500.0,-0.0
13502.0,-0.0
13504.0,-0.0
13506.0,-0.0
13508.0,-0.0
13509.0,-0.0
13511.0,-0.0
13513.0,-0.0
13515.0,-0.0
13517.0,-0.0
13519.0,-0.0
13520.0,-0.0
13522.0,-0.0
13524.0,-0.0
13527.0,-0.0
13529.0,-0.0
13531.0,-0.0
13533.0,-0.0
13534.0,-0.0
13536.0,-0.0
13538.0,-0.0
13540.0,-0.0
13542.0,-0.0
13544.0,-0.0
13546.0,-0.0
13547.0,-0.0
13549.0,-0.0
13551.0,-0.0
13553.0,-0.0
13555.0,-0.0
13557.0,-0.0
13559.0,-0.0
13560.0,-0.0
13562.0,-0.0
13564.0,-0.0
13566.0,-0.0
13569.0,-0.0
13571.0,-0.0
13572.0,-0.0
13574.0,-0.0
13576.0,-0.0
13578.0,-0.0
13580.0,-0.0
13582.0,-0.0
13584.0,-0.0
13585.0,-0.0
13587.0,-0.0
13589.0,-0.0
13591.0,-0.0
13593.0,-0.0
13595.0,-0.0
13597.0,-0.0
13598.0,-0.0
13600.0,-0.0
13602.0,-0.0
13604.0,-0.0
13606.0,-0.0
13608.0,-0.0
13609.0,-0.0
13612.0,-0.0
13614.0,-0.0
13616.0,-0.0
13618.0,-0.0
13620.0,-0.0
13622.0,-0.0
13623.0,-0.0
13625.0,-0.0
13627.0,-0.0
13629.0,-0.0
13631.0,-0.0
13633.0,-0.0
13635.0,-0.0
13636.0,-0.0
13638.0,-0.0
13640.0,-0.0
13642.0,-0.0
13644.0,-0.0
13646.0,-0.0
13647.0,-0.0
13649.0,-0.0
13651.0,-0.0
13654.0,-0.0
13656.0,-0.0
13658.0,-0.0
13660.0,-0.0
13661.0,-0.0
13663.0,-0.0
13665.0,-0.0
13667.0,-0.0
13669.0,-0.0
13671.0,-0.0
13673.0,-0.0
13674.0,-0.0
13676.0,-0.0
13678.0,-0.0
13680.0,-0.0
13682.0,-0.0
13684.0,-0.0
13686.0,-0.0
13687.0,-0.0
13689.0,-0.0
13691.0,-0.0
13693.0,0.0
13696.0,-0.0
13698.0,-0.0
13699.0,0.0
13701.0,-0.0
13703.0,0.0
13705.0,0.0
13707.0,0.0
13708.0,0.0
13710.0,0.0
13712.0,0.0
13714.0,0.0
13715.0,0.0
13717.0,0.0
13719.0,0.0
13721.0,0.0
13722.0,0.0
13724.0,0.0
13726.0,0.0
13728.0,0.0
13730.0,0.0
13731.0,0.0
13733.0,0.0
13735.0,0.0
13737.0,0.0
13739.0,0.0
13741.0,0.0
13743.0,0.0
13745.0,0.0
13747.0,0.0
13748.0,0.0
13750.0,0.0
13752.0,0.0
13754.0,0.0
13755.0,0.0
13757.0,0.0
13759.0,0.0
13761.0,0.0
13762.0,0.0
13764.0,0.0
13766.0,0.0
13768.0,0.0
13770.0,0.0
13771.0,0.0
13773.0,0.0
13775.0,0.0
13777.0,0.0
13778.0,0.0
13780.0,0.0
13783.0,0.0
13785.0,0.0
13787.0,0.0
13788.0,0.0
13790.0,0.0
13792.0,0.0
13794.0,0.0
13796.0,0.0
13798.0,0.0
13799.0,0.0
13801.0,0.0
13803.0,0.0
13805.0,0.0
13807.0,0.0
13808.0,0.0
13810.0,0.0
13812.0,0.0
13814.0,0.0
13816.0,0.0
13818.0,0.0
13819.0,0.0
13821.0,0.0
13824.0,0.0
13826.0,0.0
13828.0,0.0
13829.0,0.0
13831.0,0.0
13833.0,0.0
13835.0,0.0
13837.0,0.0
13838.0,0.0
13840.0,0.0
13842.0,0.0
13844.0,0.0
13846.0,0.0
13848.0,0.0
13849.0,0.0
13851.0,0.0
13853.0,0.0
13855.0,0.0
13857.0,0.0
13858.0,0.0
13860.0,0.0
13862.0,0.0
13864.0,0.0
13867.0,0.0
13869.0,0.0
13870.0,0.0
13872.0,0.0
13874.0,0.0
13876.0,0.0
13878.0,0.0
13879.0,0.0
13881.0,0.0
13883.0,0.0
13885.0,0.0
13887.0,0.0
13889.0,0.0
13890.0,0.0
13892.0,0.0
13894.0,0.0
13896.0,0.0
13898.0,0.0
13899.0,0.0
13901.0,0.0
13903.0,0.0
13905.0,0.0
13907.0,0.0
13910.0,0.0
13911.0,0.0
13913.0,0.0
13915.0,0.0
13917.0,0.0
13919.0,0.0
13920.0,0.0
13922.0,0.0
13924.0,0.0
13926.0,0.0
13928.0,0.0
13929.0,0.0
13931.0,0.0
13933.0,0.0
13935.0,0.0
13937.0,0.0
13939.0,0.0
13940.0,0.0
13942.0,0.0
13944.0,0.0
13946.0,0.0
13948.0,0.0
13949.0,0.0
13952.0,0.0
13954.0,0.0
13956.0,0.01
13958.0,0.01
13960.0,0.01
13961.0,0.01
13963.0,0.01
13965.0,0.01
13967.0,0.01
13969.0,0.01
13970.0,0.01
13972.0,0.01
13974.0,0.01
13976.0,0.01
13978.0,0.01
13980.0,0.01
13981.0,0.01
13983.0,0.01
13985.0,0.01
13987.0,0.01
13989.0,0.01
13990.0,0.01
13992.0,0.01
13995.0,0.01
13997.0,0.01
13999.0,0.01
14001.0,0.01
14002.0,0.01
14004.0,0.01
14006.0,0.01
14008.0,0.01
14010.0,0.01
14011.0,0.01
14013.0,0.01
14015.0,0.01
14017.0,0.01
14019.0,0.01
14021.0,0.01
14022.0,0.01
14024.0,0.01
14026.0,0.01
14028.0,0.01
14030.0,0.01
14031.0,0.01
14033.0,0.01
14035.0,0.01
14038.0,0.01
14040.0,0.01
14042.0,0.01
14043.0,0.01
14045.0,0.01
14047.0,0.01
14049.0,0.01
14051.0,0.01
14052.0,0.01
14054.0,0.01
14056.0,0.01
14058.0,0.01
14060.0,0.01
14062.0,0.01
14063.0,0.01
14065.0,0.01
14067.0,0.01
14069.0,0.01
14071.0,0.01
14072.0,0.01
14074.0,0.01
14076.0,0.01
14078.0,0.01
14081.0,0.01
14082.0,0.01
14084.0,0.01
14086.0,0.01
14088.0,0.01
14090.0,0.01
14092.0,0.01
14093.0,0.01
14095.0,0.01
14097.0,0.01
14099.0,0.01
14101.0,0.01
14102.0,0.01
14104.0,0.01
14106.0,0.01
14108.0,0.01
14110.0,0.01
14112.0,0.01
14113.0,0.01
14115.0,0.01
14117.0,0.01
14119.0,0.01
14121.0,0.01
14123.0,0.01
14125.0,0.01
14127.0,0.01
14129.0,0.01
14131.0,0.01
14133.0,0.01
14134.0,0.01
14136.0,0.01
14138.0,0.01
14140.0,0.01
14142.0,0.01
14143.0,0.01
14145.0,0.01
14147.0,0.01
14149.0,0.01
14151.0,0.01
14153.0,0.01
14154.0,0.01
14156.0,0.01
14158.0,0.01
14160.0,0.01
14162.0,0.01
14163.0,0.01
14166.0,0.01
14168.0,0.01
14170.0,0.01
14172.0,0.01
14173.0,0.01
14175.0,0.01
14177.0,0.01
14179.0,0.01
14181.0,0.01
14183.0,0.01
14184.0,0.01
14186.0,0.01
14188.0,0.01
14190.0,0.01
14192.0,0.01
14193.0,0.01
14195.0,0.01
14197.0,0.01
14199.0,0.01
14201.0,0.01
14203.0,0.01
14204.0,0.01
14206.0,0.01
14209.0,0.01
14211.0,0.01
14213.0,0.01
14214.0,0.01
14216.0,0.01
14218.0,0.01
14220.0,0.01
14222.0,0.01
14224.0,0.01
14225.0,0.01
14227.0,0.01
14229.0,0.01
14231.0,0.01
14233.0,0.01
14234.0,0.01
14236.0,0.01
14238.0,0.01
14240.0,0.01
14242.0,0.01
14244.0,0.01
14245.0,0.01
14247.0,0.01
14249.0,0.01
14252.0,0.01
14254.0,0.01
14255.0,0.01
14257.0,0.01
14259.0,0.01
14261.0,0.01
14263.0,0.01
14265.0,0.01
14266.0,0.01
14268.0,0.01
14270.0,0.01
14272.0,0.01
14274.0,0.01
14275.0,0.0
14277.0,0.01
14279.0,0.01
14281.0,0.01
14283.0,0.0
14285.0,0.01
14286.0,0.0
14288.0,0.0
14290.0,0.0
14292.0,0.0
14295.0,0.0
14296.0,0.0
14298.0,0.0
14300.0,0.0
14302.0,0.0
14304.0,0.0
14305.0,0.0
14307.0,0.0
14309.0,0.0
14311.0,0.0
14313.0,0.0
14315.0,0.0
14316.0,0.0
14318.0,0.0
14320.0,0.0
14322.0,0.0
14324.0,0.0
14325.0,0.0
14327.0,0.0
14329.0,0.0
14331.0,0.0
14333.0,0.0
14336.0,0.0
14337.0,0.0
14339.0,0.0
14341.0,0.0
14343.0,0.0
14345.0,0.0
14346.0,0.0
14348.0,0.0
14350.0,0.0
14352.0,0.0
14354.0,0.0
14356.0,0.0
14357.0,0.0
14359.0,0.0
14361.0,0.0
14363.0,0.0
14365.0,0.0
14366.0,0.0
14368.0,0.0
14370.0,0.0
14372.0,0.0
14374.0,0.0
14376.0,0.0
14377.0,0.0
14380.0,0.0
14382.0,0.0
14384.0,0.0
14386.0,0.0
14387.0,0.0
14389.0,0.0
14391.0,0.0
14393.0,0.0
14395.0,0.0
14397.0,0.0
14398.0,0.0
14400.0,0.0
14402.0,0.0
14404.0,0.0
14406.0,0.0
14407.0,0.0
14409.0,0.0
14411.0,0.0
14413.0,0.0
14415.0,0.0
14416.0,0.0
14418.0,0.0
14420.0,0.0
14423.0,0.0
14425.0,0.0
14427.0,0.0
14428.0,0.0
14430.0,0.0
14432.0,0.0
14434.0,0.0
14436.0,0.0
14437.0,0.0
14439.0,0.0
14441.0,0.0
14443.0,0.0
14445.0,0.0
14447.0,0.0
14448.0,0.0
14450.0,0.0
14452.0,0.0
14454.0,0.0
14456.0,0.0
14457.0,0.0
14459.0,0.0
14461.0,0.0
14464.0,0.0
14466.0,0.0
14468.0,0.0
14469.0,0.0
14471.0,0.0
14473.0,0.0
14475.0,0.0
14477.0,0.0
14478.0,0.0
14480.0,0.0
14482.0,0.0
14484.0,0.0
14486.0,0.0
14488.0,0.0
14489.0,0.0
14491.0,0.0
14493.0,0.0
14495.0,0.0
14497.0,0.0
14498.0,0.0
14500.0,0.0
14502.0,0.0
14504.0,0.0
14507.0,0.0
14508.0,0.0
14510.0,0.0
14512.0,0.0
14514.0,0.0
14516.0,0.0
14518.0,0.0
14519.0,0.0
14521.0,0.0
14523.0,0.0
14525.0,0.0
14527.0,0.0
14528.0,0.0
14530.0,0.0
14532.0,0.0
14534.0,0.0
14536.0,0.0
14538.0,0.0
14539.0,0.0
14541.0,0.0
14543.0,0.0
14545.0,0.0
14547.0,0.0
14548.0,0.0
14551.0,0.0
14553.0,0.01
14555.0,0.01
14557.0,0.01
14559.0,0.01
14560.0,0.01
14562.0,0.01
14564.0,0.01
14566.0,0.01
14568.0,0.01
14569.0,0.01
14571.0,0.01
14573.0,0.01
14575.0,0.01
14577.0,0.01
14579.0,0.01
14580.0,0.01
14582.0,0.01
14584.0,0.01
14586.0,0.01
14588.0,0.01
14589.0,0.01
14592.0,0.01
14594.0,0.01
14596.0,0.01
14598.0,0.01
14600.0,0.01
14601.0,0.01
14603.0,0.01
14605.0,0.01
14607.0,0.01
14609.0,0.01
14610.0,0.01
14612.0,0.01
14614.0,0.01
14616.0,0.01
14618.0,0.01
14620.0,0.01
14621.0,0.01
14623.0,0.01
14625.0,0.01
14627.0,0.01
14629.0,0.01
14630.0,0.01
14632.0,0.01
14635.0,0.01
14637.0,0.01
14639.0,0.01
14641.0,0.01
14642.0,0.01
14644.0,0.01
14646.0,0.01
14648.0,0.01
14650.0,0.01
14651.0,0.01
14653.0,0.01
14655.0,0.01
14657.0,0.01
14659.0,0.01
14661.0,0.01
14662.0,0.01
14664.0,0.02
14666.0,0.02
14668.0,0.02
14670.0,0.02
14671.0,0.02
14673.0,0.02
14675.0,0.02
14678.0,0.02
14680.0,0.02
14682.0,0.02
14683.0,0.02
14685.0,0.02
14687.0,0.02
14689.0,0.02
14691.0,0.02
14692.0,0.02
14694.0,0.02
14696.0,0.02
14698.0,0.02
14700.0,0.02
14701.0,0.03
14703.0,0.03
14705.0,0.03
14707.0,0.03
14709.0,0.03
14711.0,0.03
14712.0,0.04
14714.0,0.04
14716.0,0.04
14718.0,0.04
14721.0,0.04
14722.0,0.04
14724.0,0.05
14726.0,0.05
14728.0,0.05
14730.0,0.05
14732.0,0.06
14733.0,0.06
14735.0,0.06
14737.0,0.06
14739.0,0.06
14741.0,0.07
14742.0,0.07
14744.0,0.07
14746.0,0.08
14748.0,0.08
14750.0,0.08
14752.0,0.09
14753.0,0.09
14755.0,0.09
14757.0,0.1
14759.0,0.1
14761.0,0.1
14763.0,0.11
14765.0,0.11
14767.0,0.11
14769.0,0.12
14771.0,0.12
14773.0,0.13
14774.0,0.13
14776.0,0.13
14778.0,0.14
14780.0,0.14
14782.0,0.15
14784.0,0.15
14785.0,0.16
14787.0,0.16
14789.0,0.17
14791.0,0.17
14793.0,0.18
14794.0,0.18
14796.0,0.19
14798.0,0.19
14800.0,0.2
14802.0,0.2
14804.0,0.21
14806.0,0.21
14808.0,0.22
14810.0,0.22
14812.0,0.23
14814.0,0.24
14816.0,0.24
14817.0,0.25
14819.0,0.25
14821.0,0.26
14823.0,0.27
14825.0,0.27
14826.0,0.28
14828.0,0.29
14830.0,0.29
14832.0,0.3
14834.0,0.31
14836.0,0.31
14837.0,0.32
14839.0,0.33
14841.0,0.33
14843.0,0.34
14845.0,0.35
14848.0,0.35
14849.0,0.36
14851.0,0.37
14853.0,0.37
14855.0,0.38
14857.0,0.39
14858.0,0.39
14860.0,0.4
14862.0,0.41
14864.0,0.41
14866.0,0.42
14868.0,0.43
14869.0,0.43
14871.0,0.44
14873.0,0.45
14875.0,0.46
14877.0,0.46
14879.0,0.47
14880.0,0.48
14882.0,0.48
14884.0,0.49
14886.0,0.5
14888.0,0.51
14889.0,0.51
14892.0,0.52
14894.0,0.53
14896.0,0.53
14898.0,0.54
14900.0,0.55
14901.0,0.56
14903.0,0.56
14905.0,0.57
14907.0,0.58
14909.0,0.59
14911.0,0.59
14912.0,0.6
14914.0,0.61
14916.0,0.62
14918.0,0.62
14920.0,0.63
14921.0,0.64
14923.0,0.64
14925.0,0.65
14927.0,0.66
14929.0,0.67
14931.0,0.67
14932.0,0.68
14935.0,0.69
14937.0,0.7
14939.0,0.71
14941.0,0.71
14943.0,0.72
14944.0,0.73
14946.0,0.73
14948.0,0.74
14950.0,0.75
14952.0,0.76
14954.0,0.77
14955.0,0.77
14957.0,0.78
14959.0,0.79
14961.0,0.8
14963.0,0.8
14964.0,0.81
14966.0,0.82
14968.0,0.83
14970.0,0.83
14972.0,0.84
14974.0,0.85
14976.0,0.86
14978.0,0.86
14980.0,0.87
14982.0,0.88
14984.0,0.89
14985.0,0.89
14987.0,0.9
14989.0,0.91
14991.0,0.92
14993.0,0.92
14995.0,0.93
14996.0,0.94
14998.0,0.95
15000.0,0.95
15002.0,0.96
15004.0,0.97
15006.0,0.98
15007.0,0.98
15009.0,0.99
15011.0,1.0
15013.0,1.01
15015.0,1.02
15016.0,1.02
15019.0,1.03
15021.0,1.04
15023.0,1.05
15025.0,1.05
15027.0,1.06
15028.0,1.07
15030.0,1.08
15032.0,1.08
15034.0,1.09
15036.0,1.1
15038.0,1.11
15039.0,1.11
15041.0,1.12
15043.0,1.13
15045.0,1.14
15047.0,1.14
15049.0,1.15
15050.0,1.16
15052.0,1.17
15054.0,1.18
15056.0,1.18
15058.0,1.19
15059.0,1.2
15062.0,1.21
15064.0,1.21
15066.0,1.22
15068.0,1.23
15070.0,1.24
15071.0,1.25
15073.0,1.25
15075.0,1.26
15077.0,1.27
15079.0,1.28
15081.0,1.28
15082.0,1.29
15084.0,1.3
15086.0,1.31
15088.0,1.32
15090.0,1.32
15092.0,1.33
15093.0,1.34
15095.0,1.35
15097.0,1.36
15099.0,1.36
15101.0,1.37
15104.0,1.38
15105.0,1.39
15107.0,1.4
15109.0,1.4
15111.0,1.41
15113.0,1.42
15115.0,1.43
15116.0,1.44
15118.0,1.45
15120.0,1.45
15122.0,1.46
15124.0,1.47
15125.0,1.48
15127.0,1.48
15129.0,1.49
15131.0,1.5
15133.0,1.51
15135.0,1.52
15136.0,1.53
15138.0,1.54
15140.0,1.54
15142.0,1.55
15144.0,1.56
15147.0,1.57
15148.0,1.58
15150.0,1.58
15152.0,1.59
15154.0,1.6
15156.0,1.61
15158.0,1.62
15159.0,1.63
15161.0,1.64
15163.0,1.64
15165.0,1.65
15167.0,1.66
15169.0,1.67
15170.0,1.68
15172.0,1.69
15174.0,1.7
15176.0,1.7
15178.0,1.71
15180.0,1.72
15181.0,1.73
15183.0,1.74
15185.0,1.75
15187.0,1.76
15190.0,1.77
15191.0,1.77
15193.0,1.78
15195.0,1.79
15197.0,1.8
15199.0,1.81
15201.0,1.82
15202.0,1.83
15204.0,1.84
15206.0,1.85
15208.0,1.86
15210.0,1.87
15212.0,1.87
15213.0,1.88
15215.0,1.89
15217.0,1.9
15219.0,1.91
15221.0,1.92
15223.0,1.93
15224.0,1.94
15226.0,1.95
15228.0,1.96
15230.0,1.97
15233.0,1.98
15235.0,1.99
15236.0,2.0
15238.0,2.0
15240.0,2.01
15242.0,2.02
15244.0,2.03
15246.0,2.04
15247.0,2.05
15249.0,2.06
15251.0,2.07
15253.0,2.08
15255.0,2.09
15256.0,2.1
15258.0,2.11
15260.0,2.12
15262.0,2.13
15264.0,2.14
15266.0,2.15
15267.0,2.16
15269.0,2.17
15271.0,2.18
15273.0,2.18
15276.0,2.19
15278.0,2.2
15279.0,2.21
15281.0,2.22
15283.0,2.23
15285.0,2.24
15287.0,2.25
15289.0,2.26
15290.0,2.27
15292.0,2.28
15294.0,2.29
15296.0,2.3
15298.0,2.31
15300.0,2.32
15301.0,2.33
15303.0,2.34
15305.0,2.35
15307.0,2.36
15309.0,2.37
15311.0,2.38
15312.0,2.39
15314.0,2.4
15316.0,2.41
15319.0,2.42
15321.0,2.43
15323.0,2.44
15324.0,2.45
15326.0,2.46
15328.0,2.47
15330.0,2.48
15332.0,2.49
15334.0,2.5
15335.0,2.51
15337.0,2.52
15339.0,2.52
15341.0,2.53
15343.0,2.54
15345.0,2.56
15346.0,2.56
15348.0,2.57
15350.0,2.58
15352.0,2.59
15354.0,2.6
15356.0,2.61
15357.0,2.62
15360.0,2.63
15362.0,2.64
15364.0,2.65
15366.0,2.66
15368.0,2.67
15369.0,2.68
15371.0,2.69
15373.0,2.7
15375.0,2.71
15377.0,2.72
15379.0,2.73
15380.0,2.74
15382.0,2.75
15384.0,2.76
15386.0,2.77
15388.0,2.78
15390.0,2.79
15391.0,2.8
15393.0,2.81
15395.0,2.82
15397.0,2.83
15399.0,2.84
15401.0,2.85
15403.0,2.86
15405.0,2.87
15407.0,2.88
15409.0,2.89
15411.0,2.9
15413.0,2.91
15414.0,2.92
15416.0,2.93
15418.0,2.94
15420.0,2.95
15422.0,2.96
15423.0,2.97
15425.0,2.98
15427.0,2.99
15429.0,3.0
15431.0,3.01
15433.0,3.02
15434.0,3.03
15436.0,3.04
15438.0,3.06
15440.0,3.06
15442.0,3.08
15444.0,3.09
15446.0,3.1
15448.0,3.11
15450.0,3.12
15452.0,3.13
15454.0,3.14
15456.0,3.15
15457.0,3.16
15459.0,3.18
15461.0,3.19
15463.0,3.2
15465.0,3.21
15467.0,3.22
15468.0,3.23
15470.0,3.24
15472.0,3.26
15474.0,3.27
15476.0,3.28
15478.0,3.29
15479.0,3.3
15481.0,3.32
15483.0,3.33
15485.0,3.34
15488.0,3.35
15490.0,3.37
15491.0,3.38
15493.0,3.39
15495.0,3.41
15497.0,3.42
15499.0,3.43
15501.0,3.44
15503.0,3.46
15504.0,3.47
15506.0,3.48
15508.0,3.5
15510.0,3.51
15512.0,3.52
15514.0,3.54
15515.0,3.55
15517.0,3.56
15519.0,3.58
15521.0,3.59
15523.0,3.61
15525.0,3.62
15526.0,3.63
15528.0,3.65
15531.0,3.66
15533.0,3.68
15535.0,3.69
15537.0,3.71
15539.0,3.72
15540.0,3.74
15542.0,3.75
15544.0,3.77
15546.0,3.78
15548.0,3.8
15550.0,3.81
15551.0,3.83
15553.0,3.84
15555.0,3.86
15557.0,3.87
15559.0,3.89
15561.0,3.91
15562.0,3.92
15564.0,3.94
15566.0,3.96
15568.0,3.97
15570.0,3.99
15572.0,4.01
15575.0,4.02
15576.0,4.04
15578.0,4.06
15580.0,4.07
15582.0,4.09
15584.0,4.11
15586.0,4.12
15587.0,4.14
15589.0,4.16
15591.0,4.18
15593.0,4.19
15595.0,4.21
15597.0,4.23
15599.0,4.24
15600.0,4.26
15602.0,4.28
15604.0,4.3
15606.0,4.32
15608.0,4.33
15610.0,4.35
15611.0,4.37
15613.0,4.39
15616.0,4.4
15618.0,4.42
15620.0,4.44
15622.0,4.46
15623.0,4.48
15625.0,4.49
15627.0,4.51
15629.0,4.53
15631.0,4.55
15633.0,4.57
15635.0,4.59
15636.0,4.61
15638.0,4.62
15640.0,4.64
15642.0,4.66
15644.0,4.68
15646.0,4.7
15647.0,4.71
15649.0,4.73
15651.0,4.75
15653.0,4.77
15655.0,4.79
15657.0,4.81
15660.0,4.83
15661.0,4.84
15663.0,4.86
15665.0,4.88
15667.0,4.9
15669.0,4.92
15671.0,4.94
15672.0,4.95
15674.0,4.97
15676.0,4.99
15678.0,5.01
15680.0,5.03
15682.0,5.05
15684.0,5.07
15685.0,5.09
15687.0,5.1
15689.0,5.12
15691.0,5.14
15693.0,5.16
15695.0,5.18
15696.0,5.2
15698.0,5.22
15700.0,5.24
15703.0,5.26
15705.0,5.27
15707.0,5.29
15709.0,5.31
15710.0,5.33
15712.0,5.35
15714.0,5.37
15716.0,5.39
15718.0,5.41
15720.0,5.43
15721.0,5.44
15723.0,5.46
15725.0,5.48
15727.0,5.5
15729.0,5.52
15731.0,5.54
15733.0,5.56
15734.0,5.58
15736.0,5.6
15738.0,5.62
15740.0,5.64
15742.0,5.65
15745.0,5.67
15746.0,5.69
15748.0,5.71
15750.0,5.73
15752.0,5.75
15754.0,5.77
15756.0,5.79
15758.0,5.81
15759.0,5.83
15761.0,5.85
15763.0,5.87
15765.0,5.89
15767.0,5.91
15769.0,5.93
15771.0,5.95
15772.0,5.97
15774.0,5.99
15776.0,6.01
15778.0,6.03
15780.0,6.04
15782.0,6.07
15783.0,6.08
15785.0,6.1
15788.0,6.12
15790.0,6.14
15792.0,6.16
15794.0,6.19
15796.0,6.2
15797.0,6.22
15799.0,6.25
15801.0,6.27
15803.0,6.29
15805.0,6.31
15807.0,6.33
15808.0,6.35
15810.0,6.37
15812.0,6.39
15814.0,6.41
15816.0,6.43
15818.0,6.45
15819.0,6.47
15821.0,6.49
15823.0,6.51
15825.0,6.53
15827.0,6.55
15830.0,6.57
15831.0,6.6
15833.0,6.62
15835.0,6.64
15837.0,6.66
15839.0,6.68
15841.0,6.7
15842.0,6.72
15844.0,6.75
15846.0,6.77
15848.0,6.79
15850.0,6.81
15852.0,6.83
15853.0,6.85
15855.0,6.88
15857.0,6.9
15859.0,6.92
15861.0,6.94
15863.0,6.97
15864.0,6.99
15866.0,7.01
15868.0,7.03
15870.0,7.06
15873.0,7.08
15875.0,7.1
15876.0,7.12
15878.0,7.15
15880.0,7.17
15882.0,7.19
15884.0,7.22
15886.0,7.24
15887.0,7.26
15889.0,7.29
15891.0,7.31
15893.0,7.33
15895.0,7.36
15897.0,7.38
15898.0,7.41
15900.0,7.43
15902.0,7.46
15904.0,7.48
15906.0,7.5
15908.0,7.53
15909.0,7.55
15911.0,7.58
15913.0,7.6
15916.0,7.63
15918.0,7.65
15920.0,7.68
15921.0,7.7
15923.0,7.73
15925.0,7.75
15927.0,7.78
15929.0,7.8
15931.0,7.83
15932.0,7.86
15934.0,7.88
15936.0,7.91
15938.0,7.93
15940.0,7.96
15942.0,7.99
15943.0,8.01
15945.0,8.04
15947.0,8.06
15949.0,8.09
15951.0,8.12
15953.0,8.15
15954.0,8.17
15956.0,8.2
15959.0,8.23
15961.0,8.25
15963.0,8.28
15965.0,8.31
15966.0,8.33
15968.0,8.36
15970.0,8.39
15972.0,8.42
15974.0,8.44
15976.0,8.47
15978.0,8.5
15979.0,8.53
15981.0,8.56
15983.0,8.58
15985.0,8.61
15987.0,8.64
15989.0,8.67
15990.0,8.7
15992.0,8.72
15994.0,8.75
15996.0,8.78
15998.0,8.81
16001.0,8.84
16002.0,8.86
16004.0,8.89
16006.0,8.92
16008.0,8.95
16010.0,8.98
16012.0,9.01
16013.0,9.04
16015.0,9.06
16017.0,9.09
16019.0,9.12
16021.0,9.15
16023.0,9.18
16024.0,9.21
16026.0,9.24
16028.0,9.27
16030.0,9.3
16032.0,9.33
16034.0,9.36
16035.0,9.38
16037.0,9.41
16039.0,9.44
16041.0,9.47
16044.0,9.5
16046.0,9.53
16047.0,9.56
16049.0,9.59
16051.0,9.62
16053.0,9.65
16055.0,9.68
16057.0,9.71
16059.0,9.74
16060.0,9.77
16062.0,9.8
16064.0,9.83
16066.0,9.86
16068.0,9.89
16070.0,9.92
16071.0,9.95
16073.0,9.98
16075.0,10.01
16077.0,10.04
16079.0,10.07
16081.0,10.1
16083.0,10.14
16086.0,10.17
16088.0,10.2
16089.0,10.23
16091.0,10.26
16093.0,10.29
16095.0,10.33
16097.0,10.36
16099.0,10.39
16101.0,10.42
16103.0,10.45
16105.0,10.48
16106.0,10.52
16108.0,10.55
16110.0,10.58
16112.0,10.62
16114.0,10.65
16116.0,10.68
16118.0,10.71
16120.0,10.75
16122.0,10.78
16124.0,10.81
16125.0,10.85
16128.0,10.88
16130.0,10.91
16132.0,10.94
16134.0,10.98
16136.0,11.01
16138.0,11.04
16140.0,11.08
16142.0,11.11
16144.0,11.14
16145.0,11.17
16147.0,11.21
16149.0,11.24
16151.0,11.27
16153.0,11.31
16155.0,11.34
16157.0,11.37
16159.0,11.41
16161.0,11.44
16163.0,11.47
16164.0,11.51
16166.0,11.54
16168.0,11.57
16171.0,11.61
16173.0,11.64
16175.0,11.67
16177.0,11.7
16179.0,11.74
16181.0,11.77
16183.0,11.81
16184.0,11.84
16186.0,11.87
16188.0,11.91
16190.0,11.94
16192.0,11.97
16194.0,12.0
16196.0,12.04
16198.0,12.07
16200.0,12.1
16201.0,12.14
16203.0,12.17
16205.0,12.21
16207.0,12.24
16209.0,12.27
16211.0,12.31
16214.0,12.34
16216.0,12.37
16218.0,12.41
16220.0,12.44
16222.0,12.47
16223.0,12.51
16225.0,12.54
16227.0,12.58
16229.0,12.61
16231.0,12.64
16233.0,12.68
16235.0,12.71
16237.0,12.75
16238.0,12.78
16240.0,12.81
16242.0,12.85
16244.0,12.88
16246.0,12.91
16248.0,12.95
16250.0,12.98
16252.0,13.02
16254.0,13.05
16256.0,13.08
16258.0,13.12
16260.0,13.15
16262.0,13.19
16264.0,13.22
16266.0,13.26
16268.0,13.29
16270.0,13.32
16271.0,13.36
16273.0,13.39
16275.0,13.43
16277.0,13.46
16279.0,13.5
16281.0,13.53
16283.0,13.57
16285.0,13.6
16287.0,13.64
16288.0,13.67
16290.0,13.7
16292.0,13.74
16294.0,13.78
16296.0,13.81
16299.0,13.85
16301.0,13.88
16303.0,13.91
16304.0,13.95
16306.0,13.98
16308.0,14.02
16310.0,14.05
16312.0,14.09
16314.0,14.12
16316.0,14.16
16318.0,14.2
16319.0,14.23
16321.0,14.27
16323.0,14.3
16325.0,14.34
16327.0,14.37
16329.0,14.41
16331.0,14.44
16333.0,14.48
16335.0,14.52
16336.0,14.55
16338.0,14.59
16340.0,14.62
16343.0,14.66
16345.0,14.69
16347.0,14.73
16349.0,14.76
16351.0,14.8
16353.0,14.84
16354.0,14.87
16356.0,14.91
16358.0,14.94
16360.0,14.98
16362.0,15.02
16364.0,15.05
16366.0,15.09
16368.0,15.12
16369.0,15.16
16371.0,15.19
16373.0,15.23
16375.0,15.27
16377.0,15.3
16379.0,15.34
16381.0,15.37
16384.0,15.41
16386.0,15.45
16387.0,15.48
16389.0,15.52
16391.0,15.55
16393.0,15.59
16395.0,15.63
16397.0,15.66
16399.0,15.7
16401.0,15.74
16402.0,15.77
16404.0,15.81
16406.0,15.85
16408.0,15.88
16410.0,15.92
16412.0,15.96
16414.0,16.0
16416.0,16.03
16418.0,16.07
16419.0,16.11
16421.0,16.14
16423.0,16.18
16425.0,16.22
16428.0,16.26
16430.0,16.29
16432.0,16.33
16434.0,16.37
16436.0,16.41
16438.0,16.45
16439.0,16.48
16441.0,16.52
16443.0,16.56
16445.0,16.6
16447.0,16.63
16449.0,16.67
16451.0,16.71
16453.0,16.75
16455.0,16.79
16457.0,16.83
16458.0,16.87
16460.0,16.9
16462.0,16.94
16464.0,16.98
16466.0,17.02
16468.0,17.06
16471.0,17.1
16473.0,17.14
16475.0,17.17
16476.0,17.21
16478.0,17.25
16480.0,17.29
16482.0,17.33
16484.0,17.37
16486.0,17.41
16488.0,17.44
16490.0,17.48
16492.0,17.52
16494.0,17.56
16495.0,17.6
16497.0,17.64
16499.0,17.68
16501.0,17.72
16503.0,17.75
16505.0,17.79
16507.0,17.83
16509.0,17.87
16512.0,17.91
16514.0,17.95
16515.0,17.98
16517.0,18.02
16519.0,18.06
16521.0,18.1
16523.0,18.14
16525.0,18.18
16527.0,18.22
16529.0,18.25
16531.0,18.29
16533.0,18.33
16534.0,18.37
16536.0,18.41
16538.0,18.45
16540.0,18.49
16542.0,18.53
16544.0,18.56
16546.0,18.6
16548.0,18.64
16550.0,18.68
16552.0,18.72
16553.0,18.76
16556.0,18.8
16558.0,18.84
16560.0,18.88
16562.0,18.92
16564.0,18.96
16566.0,19.0
16568.0,19.04
16570.0,19.08
16571.0,19.11
16573.0,19.15
16575.0,19.19
16577.0,19.23
16579.0,19.27
16581.0,19.31
16583.0,19.35
16585.0,19.39
16587.0,19.43
16588.0,19.48
16590.0,19.51
16592.0,19.56
16594.0,19.6
16596.0,19.64
16599.0,19.68
16601.0,19.72
16603.0,19.76
16605.0,19.8
16606.0,19.84
16608.0,19.88
16610.0,19.93
16612.0,19.97
16614.0,20.01
16616.0,20.05
16618.0,20.09
16620.0,20.14
16621.0,20.18
16623.0,20.22
16625.0,20.26
16627.0,20.31
16629.0,20.35
16631.0,20.39
16633.0,20.43
16635.0,20.48
16636.0,20.52
16638.0,20.56
16641.0,20.61
16643.0,20.65
16645.0,20.69
16647.0,20.74
16649.0,20.78
16651.0,20.83
16653.0,20.87
16654.0,20.91
16656.0,20.96
16658.0,21.0
16660.0,21.04
16662.0,21.09
16664.0,21.13
16666.0,21.18
16668.0,21.22
16670.0,21.26
16671.0,21.31
16673.0,21.36
16675.0,21.4
16677.0,21.44
16679.0,21.49
16681.0,21.53
16684.0,21.58
16686.0,21.62
16687.0,21.67
16689.0,21.71
16691.0,21.76
16693.0,21.8
16695.0,21.85
16697.0,21.9
16699.0,21.94
16701.0,21.99
16703.0,22.03
16704.0,22.08
16706.0,22.12
16708.0,22.17
16710.0,22.22
16712.0,22.26
16714.0,22.31
16716.0,22.35
16718.0,22.4
16720.0,22.45
16721.0,22.49
16723.0,22.54
16726.0,22.59
16728.0,22.63
16730.0,22.68
16732.0,22.73
16734.0,22.78
16736.0,22.82
16738.0,22.87
16740.0,22.92
16741.0,22.97
16743.0,23.01
16745.0,23.06
16747.0,23.11
16749.0,23.16
16751.0,23.21
16753.0,23.26
16755.0,23.3
16757.0,23.35
16758.0,23.4
16760.0,23.45
16762.0,23.5
16764.0,23.54
16766.0,23.59
16769.0,23.64
16771.0,23.69
16773.0,23.74
16775.0,23.79
16777.0,23.83
16778.0,23.88
16780.0,23.93
16782.0,23.98
16784.0,24.03
16786.0,24.08
16788.0,24.12
16790.0,24.17
16792.0,24.22
16794.0,24.27
16796.0,24.32
16797.0,24.36
16799.0,24.41
16801.0,24.46
16803.0,24.51
16805.0,24.55
16807.0,24.6
16809.0,24.65
16812.0,24.7
16814.0,24.74
16815.0,24.79
16817.0,24.84
16819.0,24.89
16821.0,24.94
16823.0,24.98
16825.0,25.03
16827.0,25.08
16829.0,25.13
16831.0,25.18
16833.0,25.61
16834.0,25.27
16836.0,25.32
16838.0,25.37
16840.0,25.41
16842.0,25.46
16844.0,25.51
16846.0,25.56
16848.0,25.61
16850.0,25.65
16851.0,25.7
16854.0,25.75
16856.0,25.8
16858.0,25.85
16860.0,25.9
16862.0,25.94
16864.0,25.99
16866.0,26.04
16867.0,26.09
16869.0,26.14
16871.0,26.19
16873.0,26.24
16875.0,26.28
16877.0,26.33
16879.0,26.38
16881.0,26.43
16882.0,26.48
16884.0,26.53
16886.0,26.58
16888.0,26.63
16890.0,26.67
16892.0,26.73
16894.0,26.78
16897.0,26.82
16899.0,26.87
16900.0,26.92
16902.0,26.97
16904.0,27.02
16906.0,27.07
16908.0,27.12
16910.0,27.17
16912.0,27.22
16914.0,27.27
16916.0,27.32
16917.0,27.37
16919.0,27.42
16921.0,27.47
16923.0,27.52
16925.0,27.57
16927.0,27.62
16929.0,27.66
16931.0,27.71
16932.0,27.77
16934.0,27.81
16936.0,27.86
16939.0,27.92
16941.0,27.96
16943.0,28.01
16945.0,28.06
16947.0,28.11
16949.0,28.16
16950.0,28.21
16952.0,28.26
16954.0,28.31
16956.0,28.36
16958.0,28.41
16960.0,28.46
16962.0,28.52
16964.0,28.57
16966.0,28.62
16968.0,28.67
16969.0,28.72
16971.0,28.77
16973.0,28.82
16975.0,28.88
16977.0,28.93
16979.0,28.98
16982.0,29.03
16984.0,29.08
16986.0,29.13
16987.0,29.19
16989.0,29.24
16991.0,29.29
16993.0,29.34
16995.0,29.4
16997.0,29.45
16999.0,29.5
17001.0,29.56
17003.0,29.61
17004.0,29.66
17006.0,29.71
17008.0,29.77
17010.0,29.82
17012.0,29.87
17014.0,29.92
17016.0,29.98
17018.0,30.03
17020.0,30.08
17022.0,30.14
17024.0,30.19
17026.0,30.24
17028.0,30.29
17030.0,30.35
17032.0,30.4
17034.0,30.45
17036.0,30.51
17038.0,30.56
17040.0,30.61
17042.0,30.67
17043.0,31.11
17045.0,30.77
17047.0,30.83
17049.0,30.88
17051.0,30.93
17053.0,30.99
17055.0,31.04
17057.0,31.09
17059.0,31.15
17061.0,31.2
17062.0,31.26
17064.0,31.31
17067.0,31.37
17069.0,31.42
17071.0,31.48
17073.0,31.53
17075.0,31.59
17077.0,31.64
17079.0,31.7
17080.0,31.75
17082.0,31.81
17084.0,31.87
17086.0,31.92
17088.0,31.98
17090.0,32.03
17092.0,32.09
17094.0,32.15
17096.0,32.2
17097.0,32.26
17099.0,32.32
17101.0,32.37
17103.0,32.43
17105.0,32.49
17107.0,32.55
17110.0,32.61
17112.0,32.67
17113.0,32.72
17115.0,32.78
17117.0,32.84
17119.0,32.9
17121.0,32.96
17123.0,33.02
17125.0,33.08
17127.0,33.14
17129.0,33.2
17130.0,33.26
17132.0,33.32
17134.0,33.38
17136.0,33.44
17138.0,33.5
17140.0,33.56
17142.0,33.62
17144.0,33.68
17146.0,33.74
17147.0,33.8
17149.0,33.86
17152.0,33.93
17154.0,33.99
17156.0,34.05
17158.0,34.11
17160.0,34.18
17162.0,34.24
17164.0,34.3
17165.0,34.37
17167.0,34.43
17169.0,34.49
17171.0,34.56
17173.0,34.62
17175.0,34.69
17177.0,34.75
17179.0,34.82
17181.0,34.88
17182.0,34.95
17184.0,35.02
17186.0,35.09
17188.0,35.15
17190.0,35.22
17192.0,35.29
17195.0,35.36
17197.0,35.82
17199.0,35.5
17201.0,35.57
17202.0,35.64
17204.0,35.72
17206.0,35.78
17208.0,35.86
17210.0,35.93
17212.0,36.0
17214.0,36.08
17216.0,36.15
17218.0,36.22
17220.0,36.3
17221.0,36.37
17223.0,36.45
17225.0,36.52
17227.0,36.59
17229.0,36.67
17231.0,36.75
17233.0,36.82
17235.0,36.9
17238.0,36.97
17240.0,37.05
17241.0,37.13
17243.0,37.21
17245.0,37.28
17247.0,37.36
17249.0,37.44
17251.0,37.52
17253.0,37.6
17255.0,37.68
17257.0,37.76
17259.0,37.85
17260.0,37.92
17262.0,38.01
17264.0,38.09
17266.0,38.17
17268.0,38.26
17270.0,38.34
17272.0,38.42
17274.0,38.51
17276.0,38.6
17277.0,38.68
17280.0,38.77
17282.0,38.85
17284.0,38.94
17286.0,39.03
17288.0,39.11
17290.0,39.2
17292.0,39.29
17294.0,39.37
17295.0,39.46
17297.0,39.55
17299.0,39.63
17301.0,39.72
17303.0,39.81
17305.0,39.9
17307.0,39.99
17309.0,40.08
17311.0,40.16
17312.0,40.25
17314.0,40.34
17316.0,40.42
17318.0,40.51
17320.0,40.6
17323.0,40.69
17325.0,40.78
17327.0,40.87
17328.0,40.95
17330.0,41.04
17332.0,41.13
17334.0,41.22
17336.0,41.31
17338.0,41.4
17340.0,41.49
17342.0,41.58
17344.0,41.67
17346.0,41.76
17347.0,41.85
17349.0,41.94
17351.0,42.03
17353.0,42.12
17355.0,42.22
17357.0,42.3
17359.0,42.39
17361.0,42.49
17363.0,42.58
17366.0,42.66
17367.0,42.75
17369.0,42.84
17371.0,42.93
17373.0,43.03
17375.0,43.11
17377.0,43.2
17379.0,43.29
17381.0,43.38
17383.0,43.47
17385.0,43.56
17387.0,43.64
17388.0,43.73
17390.0,43.82
17392.0,43.91
17394.0,44.0
17396.0,44.09
17398.0,44.18
17400.0,44.27
17402.0,44.36
17404.0,44.44
17405.0,44.53
17408.0,44.63
17410.0,44.71
17412.0,44.8
17414.0,44.9
17416.0,44.98
17418.0,45.08
17420.0,45.17
17422.0,45.26
17423.0,45.35
17425.0,45.45
17427.0,45.54
17429.0,45.63
17431.0,45.72
17433.0,45.81
17435.0,45.91
17437.0,46.0
17439.0,46.09
17440.0,46.18
17442.0,46.27
17444.0,46.37
17446.0,46.46
17448.0,46.55
17451.0,46.64
17453.0,46.74
17455.0,46.82
17456.0,46.92
17458.0,47.01
17460.0,47.1
17462.0,47.19
17464.0,47.29
17466.0,47.38
17468.0,47.47
17470.0,47.57
17472.0,47.66
17473.0,47.76
17475.0,47.85
17477.0,47.94
17479.0,48.04
17481.0,48.14
17483.0,48.23
17485.0,48.32
17487.0,48.42
17489.0,48.52
17491.0,48.61
17494.0,48.7
17495.0,48.8
17497.0,48.9
17499.0,48.99
17501.0,49.09
17503.0,49.18
17505.0,49.27
17507.0,49.37
17509.0,49.46
17511.0,49.56
17513.0,49.65
17514.0,49.74
17516.0,49.83
17518.0,49.93
17520.0,50.02
17522.0,50.11
17524.0,50.2
17526.0,50.3
17528.0,50.39
17530.0,50.49
17531.0,50.58
17533.0,50.67
17536.0,50.76
17538.0,50.85
17540.0,50.95
17542.0,51.04
17544.0,51.14
17546.0,51.23
17548.0,51.32
17549.0,51.42
17551.0,51.51
17553.0,51.6
17555.0,51.7
17557.0,51.79
17559.0,51.89
17561.0,51.98
17563.0,52.07
17564.0,52.17
17566.0,52.26
17568.0,52.35
17570.0,52.45
17572.0,52.54
17574.0,52.63
17576.0,52.73
17579.0,52.82
17581.0,52.91
17582.0,53.01
17584.0,53.49
17586.0,53.19
17588.0,53.29
17590.0,53.38
17592.0,53.47
17594.0,53.57
17596.0,53.66
17598.0,53.76
17600.0,53.85
17601.0,53.94
17603.0,54.04
17605.0,54.14
17607.0,54.23
17609.0,54.33
17611.0,54.42
17613.0,54.52
17615.0,54.62
17617.0,54.71
17618.0,54.81
17620.0,54.9
17623.0,55.0
17625.0,55.1
17627.0,55.19
17629.0,55.29
17631.0,55.38
17633.0,55.48
17635.0,55.57
17637.0,55.67
17639.0,55.76
17640.0,56.24
17642.0,55.95
17644.0,56.04
17646.0,56.14
17648.0,56.23
17650.0,56.33
17652.0,56.42
17654.0,56.51
17656.0,56.61
17658.0,56.7
17659.0,56.79
17661.0,56.89
17664.0,56.98
17666.0,57.08
17668.0,57.17
17670.0,57.27
17672.0,57.36
17674.0,57.46
17675.0,57.55
17677.0,57.65
17679.0,57.74
17681.0,57.84
17683.0,57.93
17685.0,58.03
17687.0,58.13
17689.0,58.22
17691.0,58.31
17692.0,58.41
17694.0,58.51
17696.0,58.99
17698.0,58.69
17700.0,58.79
17702.0,58.88
17704.0,58.98
17707.0,59.07
17709.0,59.16
17710.0,59.26
17712.0,59.35
17714.0,59.44
17716.0,59.54
17718.0,59.63
17720.0,59.72
17722.0,59.82
17724.0,59.91
17726.0,60.01
17727.0,60.1
17729.0,60.2
17731.0,60.29
17733.0,60.39
17735.0,60.49
17737.0,60.58
17739.0,60.68
17741.0,60.78
17743.0,60.87
17745.0,60.97
17746.0,61.06
17748.0,61.16
17751.0,61.26
17753.0,61.36
17755.0,61.45
17757.0,61.54
17759.0,61.64
17761.0,62.13
17763.0,61.83
17765.0,61.93
17767.0,62.03
17768.0,62.12
17770.0,62.21
17772.0,62.31
17774.0,62.4
17776.0,62.5
17778.0,62.59
17780.0,62.68
17782.0,62.78
17784.0,62.87
17786.0,62.97
17787.0,63.06
17789.0,63.16
17792.0,63.25
17794.0,63.34
17796.0,63.44
17798.0,63.54
17800.0,63.63
17802.0,63.72
17803.0,63.82
17805.0,63.91
17807.0,64.01
17809.0,64.11
17811.0,64.2
17813.0,64.3
17815.0,64.39
17817.0,64.88
17819.0,64.58
17820.0,64.68
17822.0,64.77
17824.0,64.87
17826.0,64.96
17828.0,65.06
17830.0,65.15
17832.0,65.24
17835.0,65.34
17837.0,65.43
17838.0,65.53
17840.0,65.62
17842.0,65.72
17844.0,65.81
17846.0,65.9
17848.0,66.0
17850.0,66.09
17852.0,66.18
17854.0,66.28
17855.0,66.38
17857.0,66.47
17859.0,66.56
17861.0,66.66
17863.0,66.76
17865.0,66.85
17867.0,66.95
17869.0,67.05
17871.0,67.14
17873.0,67.63
17874.0,67.34
17876.0,67.44
17879.0,67.53
17881.0,67.63
17883.0,67.72
17885.0,67.82
17887.0,67.92
17889.0,68.01
17891.0,68.1
17893.0,68.2
17894.0,68.3
17896.0,68.39
17898.0,68.49
17900.0,68.58
17902.0,68.67
17904.0,68.77
17906.0,68.86
17908.0,68.96
17910.0,69.05
17912.0,69.14
17913.0,69.24
17915.0,69.33
17917.0,69.42
17920.0,69.52
17922.0,69.62
17924.0,69.71
17926.0,69.81
17928.0,69.9
17930.0,69.99
17931.0,70.09
17933.0,70.19
17935.0,70.28
17937.0,70.38
17939.0,70.47
17941.0,70.57
17943.0,70.66
17945.0,70.76
17946.0,70.85
17948.0,70.95
17950.0,71.05
17952.0,71.14
17954.0,71.23
17956.0,71.33
17958.0,71.42
17960.0,71.52
17963.0,71.61
17964.0,71.7
17966.0,71.8
17968.0,71.89
17970.0,71.99
17972.0,72.08
17974.0,72.18
17976.0,72.27
17978.0,72.36
17980.0,72.46
17982.0,72.55
17983.0,72.65
17985.0,72.74
17987.0,72.84
17989.0,72.93
17991.0,73.03
17993.0,73.52
17995.0,73.22
17997.0,73.32
17999.0,73.42
18001.0,73.52
18002.0,73.61
18004.0,73.71
18007.0,73.8
18009.0,73.9
18011.0,74.0
18013.0,74.1
18015.0,74.19
18017.0,74.28
18019.0,74.38
18021.0,74.48
18022.0,74.57
18024.0,74.67
18026.0,74.76
18028.0,74.85
18030.0,74.95
18032.0,75.04
18034.0,75.14
18036.0,75.24
18038.0,75.33
18040.0,75.42
18041.0,75.52
18043.0,75.61
18045.0,75.7
18048.0,75.8
18050.0,75.9
18052.0,75.99
18054.0,76.08
18056.0,76.18
18058.0,76.67
18059.0,76.37
18061.0,76.47
18063.0,76.56
18065.0,76.66
18067.0,76.75
18069.0,76.85
18071.0,76.94
18073.0,77.04
18074.0,77.13
18076.0,77.23
18078.0,77.33
18080.0,77.42
18082.0,77.52
18084.0,77.61
18086.0,77.71
18088.0,77.8
18091.0,77.89
18093.0,77.99
18094.0,78.08
18096.0,78.17
18098.0,78.27
18100.0,78.36
18102.0,78.46
18104.0,78.55
18106.0,78.64
18108.0,78.74
18110.0,78.83
18111.0,78.93
18113.0,79.03
18115.0,79.12
18117.0,79.22
18119.0,79.31
18121.0,79.8
18123.0,79.51
18125.0,79.6
18127.0,79.7
18129.0,79.79
18130.0,79.89
18132.0,79.98
18135.0,80.08
18137.0,80.18
18139.0,80.28
18141.0,80.38
18143.0,80.47
18145.0,80.56
18147.0,80.66
18149.0,80.76
18150.0,80.85
18152.0,80.95
18154.0,81.04
18156.0,81.13
18158.0,81.23
18160.0,81.32
18162.0,81.42
18164.0,81.52
18166.0,81.61
18168.0,81.7
18169.0,81.8
18171.0,81.89
18173.0,81.99
18176.0,82.08
18178.0,82.18
18180.0,82.27
18182.0,82.37
18184.0,82.46
18186.0,82.95
18187.0,82.65
18189.0,82.75
18191.0,82.84
18193.0,82.94
18195.0,83.04
18197.0,83.13
18199.0,83.23
18201.0,83.32
18202.0,83.42
18204.0,83.51
18206.0,83.61
18208.0,83.7
18210.0,83.8
18212.0,83.89
18214.0,83.98
18216.0,84.08
18219.0,84.18
18220.0,84.27
18222.0,84.36
18224.0,84.46
18226.0,84.55
18228.0,84.64
18230.0,84.74
18232.0,84.83
18234.0,84.93
18236.0,85.02
18237.0,85.12
18239.0,85.21
18241.0,85.7
18243.0,85.4
18245.0,85.5
18247.0,85.6
18249.0,85.69
18251.0,85.78
18253.0,85.88
18255.0,85.98
18256.0,86.08
18258.0,86.17
18260.0,86.27
18263.0,86.37
18265.0,86.46
18267.0,86.56
18269.0,86.65
18271.0,86.75
18273.0,86.85
18275.0,86.94
18277.0,87.04
18278.0,87.13
18280.0,87.23
18282.0,87.32
18284.0,87.42
18286.0,87.51
18288.0,87.61
18290.0,87.7
18292.0,87.79
18294.0,87.89
18296.0,87.98
18297.0,88.08
18299.0,88.17
18301.0,88.27
18304.0,88.36
18306.0,88.45
18308.0,88.55
18310.0,88.65
18312.0,88.74
18314.0,89.23
18315.0,88.93
18317.0,89.03
18319.0,89.12
18321.0,89.22
18323.0,89.32
18325.0,89.41
18327.0,89.51
18329.0,89.6
18331.0,89.7
18332.0,89.79
18334.0,89.89
18336.0,89.98
18338.0,90.08
18340.0,90.17
18342.0,90.26
18344.0,90.36
18347.0,90.46
18348.0,90.55
18350.0,90.64
18352.0,90.74
18354.0,90.83
18356.0,90.92
18358.0,91.02
18360.0,91.11
18362.0,91.2
18364.0,91.3
18365.0,91.4
18367.0,91.49
18369.0,91.98
18371.0,91.68
18373.0,91.78
18375.0,91.87
18377.0,91.97
18379.0,92.06
18381.0,92.16
18383.0,92.26
18384.0,92.36
18386.0,92.45
18388.0,92.55
18391.0,92.64
18393.0,92.74
18395.0,92.84
18397.0,92.94
18399.0,93.03
18401.0,93.12
18403.0,93.22
18405.0,93.32
18406.0,93.41
18408.0,93.5
18410.0,93.6
18412.0,93.69
18414.0,93.79
18416.0,93.88
18418.0,93.98
18420.0,94.07
18422.0,94.17
18424.0,94.26
18425.0,94.36
18427.0,94.45
18429.0,94.55
18432.0,94.64
18434.0,94.73
18436.0,94.83
18438.0,94.93
18440.0,95.02
18441.0,95.11
18443.0,95.21
18445.0,95.3
18447.0,95.4
18449.0,95.49
18451.0,95.59
18453.0,95.69
18455.0,95.78
18457.0,95.88
18458.0,95.98
18460.0,96.07
18462.0,96.16
18464.0,96.26
18466.0,96.35
18468.0,96.45
18470.0,96.54
18472.0,96.63
18475.0,96.73
18476.0,96.82
18478.0,96.92
18480.0,97.01
18482.0,97.11
18484.0,97.2
18486.0,97.29
18488.0,97.38
18490.0,97.87
18491.0,97.57
18493.0,97.67
18495.0,97.76
18497.0,97.86
18499.0,97.95
18501.0,98.05
18503.0,98.14
18505.0,98.24
18507.0,98.34
18509.0,98.43
18510.0,98.53
18512.0,98.62
18514.0,98.72
18516.0,98.82
18519.0,98.92
18521.0,99.01
18523.0,99.11
18525.0,99.2
18527.0,99.3
18529.0,99.4
18530.0,99.49
18532.0,99.59
18534.0,99.68
18536.0,99.77
18538.0,99.87
18540.0,99.97
18542.0,100.06
18544.0,100.16
18546.0,100.25
18548.0,100.35
18550.0,100.44
18552.0,100.54
18554.0,100.64
18555.0,100.74
18557.0,100.83
18560.0,100.93
18562.0,101.02
18564.0,101.12
18566.0,101.22
18568.0,101.32
18570.0,101.41
18572.0,101.51
18574.0,101.61
18576.0,101.71
18578.0,101.81
18580.0,101.91
18582.0,102.0
18583.0,102.1
18585.0,102.2
18587.0,102.3
18589.0,102.39
18591.0,102.49
18593.0,102.58
18595.0,102.68
18597.0,102.78
18599.0,102.88
18601.0,103.37
18604.0,103.07
18606.0,103.17
18608.0,103.26
18610.0,103.36
18612.0,103.45
18613.0,103.55
18615.0,103.64
18617.0,103.74
18619.0,103.84
18621.0,103.94
18623.0,104.03
18625.0,104.13
18627.0,104.23
18629.0,104.33
18631.0,104.43
18633.0,104.52
18635.0,104.62
18637.0,104.72
18639.0,104.82
18641.0,104.92
18643.0,105.02
18646.0,105.11
18647.0,105.22
18649.0,105.32
18651.0,105.41
18653.0,105.51
18655.0,105.61
18657.0,105.71
18659.0,105.8
18661.0,105.9
18663.0,106.0
18665.0,106.1
18667.0,106.19
18669.0,106.29
18671.0,106.38
18673.0,106.48
18675.0,106.58
18677.0,106.68
18679.0,106.77
18681.0,106.87
18683.0,106.97
18684.0,107.06
18686.0,107.16
18689.0,107.26
18691.0,107.35
18693.0,107.45
18695.0,107.55
18697.0,107.64
18699.0,107.74
18701.0,107.84
18703.0,107.94
18705.0,108.04
18707.0,108.14
18709.0,108.23
18711.0,108.33
18712.0,108.43
18714.0,108.53
18716.0,108.62
18718.0,108.72
18720.0,108.82
18722.0,108.91
18724.0,109.01
18726.0,109.11
18728.0,109.21
18731.0,109.3
18733.0,109.4
18735.0,109.49
18737.0,109.59
18739.0,109.68
18740.0,109.78
18742.0,109.87
18744.0,109.97
18746.0,110.07
18748.0,110.17
18750.0,110.26
18752.0,110.36
18754.0,110.46
18756.0,110.55
18758.0,110.66
18760.0,110.75
18762.0,110.85
18764.0,110.95
18766.0,111.05
18768.0,111.15
18770.0,111.24
18772.0,111.34
18775.0,111.45
18776.0,111.54
18778.0,111.64
18780.0,111.74
18782.0,111.83
18784.0,111.94
18786.0,112.03
18788.0,112.13
18790.0,112.23
18792.0,112.33
18794.0,112.42
18796.0,112.52
18798.0,112.61
18800.0,112.72
18802.0,112.81
18804.0,112.91
18806.0,113.01
18808.0,113.1
18810.0,113.2
18812.0,113.29
18813.0,113.39
18816.0,113.49
18818.0,113.58
18820.0,113.68
18822.0,113.78
18824.0,113.87
18826.0,113.98
18828.0,114.07
18830.0,114.17
18832.0,114.27
18834.0,114.37
18836.0,114.46
18838.0,114.56
18840.0,114.66
18841.0,115.15
18843.0,114.85
18845.0,114.95
18847.0,115.05
18849.0,115.54
18851.0,115.24
18853.0,115.34
18855.0,115.44
18857.0,115.53
18860.0,115.63
18862.0,115.72
18864.0,115.82
18866.0,115.91
18868.0,116.01
18870.0,116.11
18871.0,116.21
18873.0,116.3
18875.0,116.4
18877.0,116.49
18879.0,116.59
18881.0,116.69
18883.0,116.79
18885.0,116.88
18887.0,116.98
18889.0,117.08
18891.0,117.18
18893.0,117.28
18895.0,117.37
18897.0,117.47
18899.0,117.57
18902.0,117.67
18904.0,117.77
18905.0,117.87
18907.0,117.96
18909.0,118.06
18911.0,118.16
18913.0,118.26
18915.0,118.36
18917.0,118.45
18919.0,118.56
18921.0,118.65
18923.0,118.75
18925.0,118.84
18927.0,118.94
18929.0,119.04
18931.0,119.13
18933.0,119.23
18935.0,119.33
18937.0,119.43
18939.0,119.52
18940.0,119.62
18942.0,119.71
18945.0,119.81
18947.0,119.91
18949.0,120.0
18951.0,120.1
18953.0,120.2
18955.0,120.3
18957.0,120.4
18959.0,120.49
18961.0,120.59
18963.0,120.69
18965.0,120.79
18967.0,120.88
18968.0,120.98
18970.0,121.08
18972.0,121.18
18974.0,121.27
18976.0,121.37
18978.0,121.47
18980.0,121.57
18982.0,121.66
18984.0,121.76
18987.0,121.85
18989.0,121.95
18991.0,122.04
18993.0,122.14
18995.0,122.24
18997.0,122.33
18998.0,122.43
19000.0,122.53
19002.0,122.62
19004.0,122.72
19006.0,122.81
19008.0,122.92
19010.0,123.01
19012.0,123.11
19014.0,123.2
19016.0,123.31
19018.0,123.4
19020.0,123.5
19022.0,123.6
19024.0,123.7
19026.0,123.8
19028.0,123.9
19031.0,124.0
19033.0,124.09
19034.0,124.19
19036.0,124.29
19038.0,124.39
19040.0,124.49
19042.0,124.58
19044.0,124.69
19046.0,124.78
19048.0,124.88
19050.0,124.97
19052.0,125.07
19054.0,125.17
19056.0,125.26
19058.0,125.75
19060.0,125.46
19062.0,125.56
19064.0,125.65
19066.0,126.14
19068.0,125.84
19069.0,125.94
19072.0,126.04
19074.0,126.14
19076.0,126.24
19078.0,126.33
19080.0,126.43
19082.0,126.53
19084.0,126.62
19086.0,126.72
19088.0,126.82
19090.0,126.92
19092.0,127.01
19094.0,127.11
19096.0,127.21
19098.0,127.31
19099.0,127.41
19101.0,127.5
19103.0,127.6
19105.0,127.7
19107.0,127.79
19109.0,127.89
19111.0,127.98
19113.0,128.08
19116.0,128.17
19118.0,128.28
19120.0,128.37
19122.0,128.47
19124.0,128.56
19126.0,128.66
19127.0,128.75
19129.0,128.85
19131.0,128.94
19133.0,129.05
19135.0,129.14
19137.0,129.24
19139.0,129.33
19141.0,129.43
19143.0,129.53
19145.0,129.63
19147.0,129.73
19149.0,129.83
19151.0,129.93
19153.0,130.02
19155.0,130.12
19158.0,130.22
19160.0,130.32
19162.0,130.42
19164.0,130.52
19165.0,130.62
19167.0,130.72
19169.0,130.81
19171.0,130.91
19173.0,131.01
19175.0,131.11
19177.0,131.2
19179.0,131.3
19181.0,131.4
19183.0,131.5
19185.0,131.59
19187.0,131.69
19189.0,131.79
19191.0,131.88
19193.0,131.98
19195.0,132.08
19197.0,132.17
19200.0,132.27
19202.0,132.37
19203.0,132.47
19205.0,132.56
19207.0,132.66
19209.0,132.76
19211.0,132.86
19213.0,132.95
19215.0,133.05
19217.0,133.15
19219.0,133.24
19221.0,133.34
19223.0,133.44
19225.0,133.54
19227.0,133.63
19229.0,133.74
19230.0,133.83
19232.0,133.93
19234.0,134.03
19236.0,134.12
19238.0,134.22
19240.0,134.31
19243.0,134.41
19245.0,134.51
19247.0,134.61
19249.0,134.7
19251.0,134.8
19253.0,134.89
19255.0,134.99
19257.0,135.08
19259.0,135.18
19260.0,135.27
19262.0,135.37
19264.0,135.47
19266.0,135.96
19268.0,135.67
19270.0,135.76
19272.0,135.86
19274.0,136.35
19276.0,136.06
19278.0,136.16
19280.0,136.25
19282.0,136.75
19284.0,136.46
19287.0,136.55
19289.0,136.65
19291.0,137.14
19293.0,136.85
19294.0,136.95
19296.0,137.05
19298.0,137.14
19300.0,137.24
19302.0,137.34
19304.0,137.44
19306.0,137.92
19308.0,137.63
19310.0,137.73
19312.0,137.82
19314.0,137.92
19316.0,138.02
19318.0,138.12
19320.0,138.21
19322.0,138.31
19324.0,138.4
19326.0,138.5
19329.0,138.6
19330.0,138.69
19332.0,138.79
19334.0,138.89
19336.0,138.99
19338.0,139.09
19340.0,139.18
19342.0,139.28
19344.0,139.38
19346.0,139.48
19348.0,139.57
19350.0,139.67
19352.0,139.77
19354.0,139.87
19356.0,139.96
19357.0,140.06
19359.0,140.16
19361.0,140.26
19363.0,140.35
19365.0,140.45
19367.0,140.55
19369.0,140.64
19372.0,140.74
19374.0,140.83
19376.0,140.93
19378.0,141.02
19380.0,141.13
19382.0,141.22
19384.0,141.32
19386.0,141.41
19387.0,141.51
19389.0,141.6
19391.0,141.7
19393.0,141.8
19395.0,141.9
19397.0,141.99
19399.0,142.09
19401.0,142.19
19403.0,142.29
19405.0,142.39
19407.0,142.49
19409.0,142.59
19411.0,142.69
19414.0,142.79
19416.0,142.88
19418.0,142.98
19420.0,143.08
19422.0,143.18
19423.0,143.28
19425.0,143.38
19427.0,143.47
19429.0,143.57
19431.0,143.67
19433.0,143.76
19435.0,143.86
19437.0,143.96
19439.0,144.06
19441.0,144.15
19443.0,144.25
19445.0,144.35
19447.0,144.44
19449.0,144.54
19451.0,144.64
19453.0,144.73
19456.0,144.84
19458.0,144.93
19459.0,145.03
19461.0,145.12
19463.0,145.22
19465.0,145.32
19467.0,145.42
19469.0,145.51
19471.0,145.61
19473.0,145.71
19475.0,145.8
19477.0,145.91
19479.0,146.01
19481.0,146.1
19483.0,146.2
19485.0,146.3
19487.0,146.39
19488.0,146.49
19490.0,146.59
19492.0,146.68
19494.0,146.78
19496.0,146.88
19499.0,146.98
19501.0,147.07
19503.0,147.17
19505.0,147.26
19507.0,147.36
19509.0,147.45
19511.0,147.55
19513.0,147.65
19515.0,147.75
19517.0,147.84
19518.0,147.94
19520.0,148.03
19522.0,148.13
19524.0,148.23
19526.0,148.33
19528.0,148.43
19530.0,148.52
19532.0,148.63
19534.0,148.72
19536.0,148.82
19538.0,149.31
19540.0,149.02
19543.0,149.12
19545.0,149.22
19547.0,149.71
19549.0,149.41
19551.0,149.51
19553.0,149.61
19555.0,150.1
19556.0,149.8
19558.0,149.91
19560.0,150.0
19562.0,150.49
19564.0,150.19
19566.0,150.29
19568.0,150.39
19570.0,150.48
19572.0,150.58
19574.0,150.68
19576.0,150.78
19578.0,150.87
19580.0,150.97
19582.0,151.07
19585.0,151.16
19587.0,151.26
19589.0,151.36
19590.0,151.45
19592.0,151.55
19594.0,151.65
19596.0,151.75
19598.0,151.84
19600.0,151.94
19602.0,152.04
19604.0,152.14
19606.0,152.23
19608.0,152.34
19610.0,152.43
19612.0,152.53
19614.0,152.63
19616.0,152.72
19617.0,152.82
19619.0,152.92
19621.0,153.01
19623.0,153.11
19625.0,153.21
19628.0,153.3
19630.0,153.4
19632.0,153.49
19634.0,153.59
19636.0,153.68
19638.0,153.78
19640.0,153.88
19642.0,153.97
19644.0,154.07
19646.0,154.17
19648.0,154.26
19649.0,154.36
19651.0,154.46
19653.0,154.56
19655.0,154.66
19657.0,154.75
19659.0,154.85
19661.0,154.95
19663.0,155.05
19665.0,155.15
19667.0,155.24
19670.0,155.34
19672.0,155.45
19674.0,155.54
19676.0,155.64
19678.0,155.74
19680.0,155.84
19682.0,155.94
19684.0,156.03
19685.0,156.13
19687.0,156.23
19689.0,156.33
19691.0,156.42
19693.0,156.52
19695.0,156.62
19697.0,156.71
19699.0,156.81
19701.0,156.9
19703.0,157.01
19705.0,157.1
19707.0,157.2
19709.0,157.29
19712.0,157.39
19714.0,157.49
19716.0,157.58
19718.0,157.68
19719.0,157.78
19721.0,157.88
19723.0,157.97
19725.0,158.07
19727.0,158.17
19729.0,158.27
19731.0,158.36
19733.0,158.46
19735.0,158.56
19737.0,158.66
19739.0,158.75
19741.0,158.85
19743.0,158.95
19745.0,159.05
19747.0,159.14
19748.0,159.24
19750.0,159.34
19752.0,159.43
19755.0,159.53
19757.0,159.62
19759.0,159.72
19761.0,159.82
19763.0,160.31
19765.0,160.01
19767.0,160.1
19769.0,160.2
19771.0,160.29
19773.0,160.39
19775.0,160.49
19777.0,160.59
19779.0,160.68
19780.0,160.78
19782.0,160.88
19784.0,160.98
19786.0,161.08
19788.0,161.17
19790.0,161.27
19792.0,161.37
19794.0,161.47
19796.0,161.57
19799.0,161.67
19801.0,161.77
19803.0,161.87
19805.0,161.96
19807.0,162.06
19809.0,162.16
19811.0,162.26
19813.0,162.36
19815.0,162.45
19817.0,162.55
19818.0,162.65
19820.0,162.74
19822.0,162.84
19824.0,162.94
19826.0,163.03
19828.0,163.13
19830.0,163.23
19832.0,163.33
19834.0,163.42
19836.0,163.52
19838.0,163.61
19841.0,163.71
19843.0,163.81
19845.0,163.9
19847.0,164.0
19849.0,164.1
19850.0,164.2
19852.0,164.3
19854.0,164.39
19856.0,164.49
19858.0,164.59
19860.0,164.69
19862.0,164.78
19864.0,164.88
19866.0,164.98
19868.0,165.07
19870.0,165.17
19872.0,165.27
19874.0,165.36
19876.0,165.46
19877.0,165.56
19879.0,165.66
19881.0,165.75
19884.0,165.85
19886.0,165.94
19888.0,166.04
19890.0,166.13
19892.0,166.23
19894.0,166.33
19896.0,166.42
19898.0,166.52
19900.0,166.61
19902.0,166.71
19904.0,166.81
19906.0,166.91
19908.0,167.0
19910.0,167.1
19911.0,167.2
19913.0,167.3
19915.0,167.4
19917.0,167.49
19919.0,167.6
19921.0,167.69
19923.0,167.79
19926.0,167.89
19928.0,167.99
19930.0,168.09
19932.0,168.19
19934.0,168.28
19936.0,168.39
19938.0,168.48
19940.0,168.58
19942.0,168.68
19944.0,168.78
19946.0,168.87
19948.0,168.97
19949.0,169.06
19951.0,169.16
19953.0,169.26
19955.0,169.35
19957.0,169.45
19959.0,169.55
19961.0,169.65
19963.0,169.74
19965.0,169.84
19968.0,169.93
19970.0,170.03
19972.0,170.52
19974.0,170.22
19976.0,170.33
19978.0,170.42
19980.0,170.91
19981.0,170.62
19983.0,170.71
19985.0,170.81
19987.0,170.91
19989.0,171.01
19991.0,171.1
19993.0,171.2
19995.0,171.3
19997.0,171.4
19999.0,171.49
20001.0,171.59
20003.0,171.69
20005.0,171.78
20007.0,171.88
20009.0,171.97
20011.0,172.07
20013.0,172.17
20015.0,172.27
20017.0,172.36
20019.0,172.46
20021.0,172.55
20023.0,172.65
20025.0,172.74
20027.0,172.84
20029.0,172.94
20031.0,173.03
20033.0,173.13
20035.0,173.23
20037.0,173.32
20039.0,173.42
20041.0,173.52
20042.0,173.62
20044.0,173.72
20046.0,173.81
20048.0,173.92
20050.0,174.01
20052.0,174.11
20055.0,174.21
20057.0,174.31
20059.0,174.41
20061.0,174.51
20063.0,174.6
20065.0,174.71
20067.0,174.8
20069.0,174.9
20071.0,174.99
20073.0,175.09
20075.0,175.19
20077.0,175.29
20079.0,175.38
20080.0,175.48
20082.0,175.58
20084.0,175.67
20086.0,175.77
20088.0,175.87
20090.0,175.96
20092.0,176.06
20094.0,176.16
20097.0,176.25
20099.0,176.35
20101.0,176.45
20103.0,176.55
20105.0,176.64
20107.0,176.74
20109.0,176.84
20111.0,176.93
20112.0,177.03
20114.0,177.13
20116.0,177.23
20118.0,177.32
20120.0,177.42
20122.0,177.52
20124.0,177.62
20126.0,177.71
20128.0,177.81
20130.0,177.91
20132.0,178.01
20134.0,178.1
20136.0,178.2
20139.0,178.29
20141.0,178.39
20142.0,178.48
20144.0,178.58
20146.0,178.68
20148.0,178.77
20150.0,178.87
20152.0,178.96
20154.0,179.06
20156.0,179.55
20158.0,179.25
20160.0,179.35
20162.0,179.45
20164.0,179.54
20166.0,179.64
20168.0,179.74
20170.0,179.84
20172.0,179.94
20173.0,180.03
20175.0,180.13
20177.0,180.23
20179.0,180.33
20182.0,180.43
20184.0,180.53
20186.0,180.62
20188.0,181.12
20190.0,180.82
20192.0,180.92
20194.0,181.02
20196.0,181.51
20198.0,181.22
20200.0,181.31
20202.0,181.41
20204.0,181.51
20206.0,181.6
20208.0,181.7
20210.0,181.79
20211.0,181.89
20213.0,181.99
20215.0,182.09
20217.0,182.18
20219.0,182.28
20221.0,182.38
20224.0,182.47
20226.0,182.57
20228.0,182.67
20230.0,182.76
20232.0,182.86
20234.0,182.95
20236.0,183.05
20238.0,183.15
20240.0,183.25
20241.0,183.34
20243.0,183.44
20245.0,183.54
20247.0,183.64
20249.0,183.74
20251.0,183.83
20253.0,183.93
20255.0,184.03
20257.0,184.12
20259.0,184.22
20261.0,184.32
20263.0,184.42
20265.0,184.51
20268.0,184.61
20270.0,184.7
20271.0,184.8
20273.0,184.89
20275.0,184.99
20277.0,185.08
20279.0,185.18
20281.0,185.28
20283.0,185.37
20285.0,185.47
20287.0,185.57
20289.0,185.66
20291.0,185.76
20293.0,185.85
20295.0,185.96
20297.0,186.05
20299.0,186.15
20301.0,186.25
20302.0,186.34
20304.0,186.45
20306.0,186.54
20308.0,186.64
20311.0,186.74
20313.0,186.84
20315.0,186.94
20317.0,187.04
20319.0,187.13
20321.0,187.23
20323.0,187.33
20325.0,187.43
20327.0,187.52
20329.0,187.62
20331.0,187.72
20333.0,187.82
20335.0,187.91
20337.0,188.01
20339.0,188.11
20340.0,188.2
20342.0,188.3
20344.0,188.39
20346.0,188.49
20348.0,188.59
20350.0,188.69
20353.0,188.78
20355.0,188.88
20357.0,189.37
20359.0,189.07
20361.0,189.17
20363.0,189.26
20365.0,189.75
20367.0,189.46
20369.0,189.56
20370.0,189.66
20372.0,189.75
20374.0,189.85
20376.0,189.95
20378.0,190.05
20380.0,190.14
20382.0,190.24
20384.0,190.34
20386.0,190.43
20388.0,190.53
20390.0,190.63
20392.0,190.73
20395.0,190.82
20397.0,190.92
20398.0,191.01
20400.0,191.11
20402.0,191.2
20404.0,191.3
20406.0,191.39
20408.0,191.49
20410.0,191.59
20412.0,191.68
20414.0,191.78
20416.0,191.87
20418.0,191.97
20420.0,192.07
20422.0,192.17
20424.0,192.26
20426.0,192.36
20428.0,192.46
20429.0,192.55
20431.0,192.66
20433.0,192.76
20435.0,192.85
20438.0,192.95
20440.0,193.05
20442.0,193.15
20444.0,193.25
20446.0,193.34
20448.0,193.44
20450.0,193.55
20452.0,193.64
20454.0,193.74
20456.0,193.83
20458.0,193.94
20460.0,194.03
20462.0,194.13
20464.0,194.22
20466.0,194.32
20467.0,194.42
20469.0,194.51
20471.0,194.61
20473.0,194.71
20475.0,194.8
20477.0,194.9
20480.0,195.0
20482.0,195.09
20484.0,195.19
20486.0,195.28
20488.0,195.39
20490.0,195.48
20492.0,195.58
20494.0,195.68
20496.0,195.77
20497.0,195.87
20499.0,195.97
20501.0,196.07
20503.0,196.16
20505.0,196.26
20507.0,196.36
20509.0,196.45
20511.0,196.55
20513.0,196.65
20515.0,196.74
20517.0,196.85
20519.0,196.94
20521.0,197.04
20524.0,197.13
20526.0,197.23
20527.0,197.32
20529.0,197.42
20531.0,197.51
20533.0,197.61
20535.0,197.7
20537.0,197.81
20539.0,197.9
20541.0,198.0
20543.0,198.09
20545.0,198.19
20547.0,198.28
20549.0,198.39
20551.0,198.48
20553.0,198.58
20555.0,198.68
20557.0,198.77
20558.0,198.87
20560.0,198.97
20562.0,199.07
20564.0,199.17
20567.0,199.26
20569.0,199.37
20571.0,199.47
20573.0,199.56
20575.0,199.66
20577.0,199.76
20579.0,199.86
20581.0,199.95
20583.0,200.05
20585.0,200.15
20587.0,200.25
20589.0,200.34
20591.0,200.44
20593.0,200.54
20594.0,200.64
20596.0,200.73
20598.0,200.83
20600.0,200.92
20602.0,201.02
20604.0,201.12
20606.0,201.22
20609.0,201.31
20611.0,201.41
20613.0,201.5
20615.0,201.6
20617.0,201.7
20619.0,201.79
20621.0,201.89
20623.0,201.99
20625.0,202.08
20626.0,202.18
20628.0,202.28
20630.0,202.38
20632.0,202.48
20634.0,202.58
20636.0,202.67
20638.0,202.77
20640.0,202.87
20642.0,202.96
20644.0,203.06
20646.0,203.16
20648.0,203.25
20651.0,203.35
20653.0,203.45
20654.0,203.54
20656.0,203.64
20658.0,203.73
20660.0,203.83
20662.0,203.92
20664.0,204.02
20666.0,204.11
20668.0,204.22
20670.0,204.31
20672.0,204.41
20674.0,204.5
20676.0,204.6
20678.0,204.7
20680.0,204.8
20682.0,204.89
20684.0,204.99
20686.0,205.09
20687.0,205.19
20689.0,205.29
20691.0,205.38
20694.0,205.48
20696.0,205.58
20698.0,205.68
20700.0,205.78
20702.0,205.88
20704.0,205.97
20706.0,206.08
20708.0,206.17
20710.0,206.27
20712.0,206.36
20714.0,206.47
20716.0,206.56
20718.0,206.66
20720.0,206.75
20722.0,206.85
20723.0,206.95
20725.0,207.04
20727.0,207.14
20729.0,207.24
20731.0,207.34
20733.0,207.83
20736.0,207.53
20738.0,207.62
20740.0,207.72
20742.0,207.82
20744.0,207.92
20746.0,208.01
20748.0,208.11
20750.0,208.21
20752.0,208.3
20753.0,208.4
20755.0,208.5
20757.0,208.6
20759.0,208.69
20761.0,208.79
20763.0,208.89
20765.0,208.98
20767.0,209.08
20769.0,209.18
20771.0,209.27
20773.0,209.37
20775.0,209.47
20777.0,209.57
20780.0,209.66
20782.0,209.76
20783.0,209.85
20785.0,209.95
20787.0,210.04
20789.0,210.14
20791.0,210.23
20793.0,210.33
20795.0,210.43
20797.0,210.53
20799.0,210.62
20801.0,210.72
20803.0,210.81
20805.0,210.91
20807.0,211.01
20809.0,211.1
20811.0,211.2
20813.0,211.3
20814.0,211.4
20816.0,211.5
20818.0,211.59
20820.0,211.69
20823.0,211.79
20825.0,211.89
20827.0,211.99
20829.0,212.09
20831.0,212.18
20833.0,212.29
20835.0,212.38
20837.0,212.48
20839.0,212.57
20841.0,212.67
20843.0,212.77
20845.0,212.87
20847.0,212.96
20849.0,213.06
20850.0,213.15
20852.0,213.25
20854.0,213.35
20856.0,213.44
20858.0,213.55
20860.0,213.64
20862.0,213.74
20865.0,213.83
20867.0,213.93
20869.0,214.02
20871.0,214.12
20873.0,214.22
20875.0,214.32
20877.0,214.42
20879.0,214.51
20881.0,214.61
20882.0,214.71
20884.0,214.8
20886.0,214.9
20888.0,215.0
20890.0,215.09
20892.0,215.19
20894.0,215.68
20896.0,215.38
20898.0,215.48
20900.0,215.58
20902.0,215.67
20904.0,215.77
20907.0,215.87
20909.0,215.96
20910.0,216.06
20912.0,216.16
20914.0,216.25
20916.0,216.35
20918.0,216.44
20920.0,216.54
20922.0,216.63
20924.0,216.73
20926.0,216.83
20928.0,216.92
20930.0,217.02
20932.0,217.11
20934.0,217.21
20936.0,217.31
20938.0,217.41
20940.0,217.5
20941.0,217.6
20943.0,217.7
20945.0,217.8
20947.0,217.9
20950.0,217.99
20952.0,218.09
20954.0,218.19
20956.0,218.29
20958.0,218.39
20960.0,218.49
20962.0,218.58
20964.0,218.69
20966.0,218.78
20968.0,218.88
20970.0,218.97
20972.0,219.08
20974.0,219.17
20976.0,219.27
20977.0,219.36
20979.0,219.46
20981.0,219.56
20983.0,219.65
20985.0,219.75
20987.0,219.85
20989.0,219.95
20992.0,220.04
20994.0,220.14
20996.0,220.23
20998.0,220.33
21000.0,220.42
21002.0,220.52
21004.0,220.62
21006.0,220.72
21008.0,220.82
21009.0,220.91
21011.0,221.01
21013.0,221.11
21015.0,221.2
21017.0,221.3
21019.0,221.4
21021.0,221.5
21023.0,221.59
21025.0,221.69
21027.0,221.79
21029.0,221.89
21031.0,221.98
21033.0,222.08
21036.0,222.17
21037.0,222.27
21039.0,222.36
21041.0,222.46
21043.0,222.55
21045.0,222.65
21047.0,222.75
21049.0,222.85
21051.0,222.94
21053.0,223.04
21055.0,223.13
21057.0,223.23
21059.0,223.32
21061.0,223.42
21063.0,223.52
21065.0,223.62
21067.0,223.71
21069.0,223.81
21070.0,223.91
21072.0,224.01
21074.0,224.11
21076.0,224.21
21079.0,224.3
21081.0,224.4
21083.0,224.5
21085.0,224.6
21087.0,224.7
21089.0,224.8
21091.0,224.89
21093.0,224.99
21095.0,225.09
21097.0,225.19
21099.0,225.29
21101.0,225.38
21103.0,225.48
21105.0,225.58
21106.0,225.67
21108.0,225.77
21110.0,225.86
21112.0,225.96
21114.0,226.06
21116.0,226.15
21118.0,226.25
21121.0,226.35
21123.0,226.45
21125.0,226.54
21127.0,226.64
21129.0,226.73
21131.0,226.83
21133.0,226.93
21135.0,227.02
21137.0,227.12
21138.0,227.22
21140.0,227.31
21142.0,227.41
21144.0,227.51
21146.0,227.61
21148.0,227.71
21150.0,227.81
21152.0,227.9
21154.0,228.0
21156.0,228.09
21158.0,228.19
21160.0,228.29
21163.0,228.38
21165.0,228.48
21166.0,228.57
21168.0,228.67
21170.0,228.77
21172.0,228.86
21174.0,228.96
21176.0,229.06
21178.0,229.15
21180.0,229.25
21182.0,229.34
21184.0,229.44
21186.0,229.54
21188.0,229.63
21190.0,229.73
21192.0,229.82
21194.0,229.93
21196.0,230.02
21198.0,230.12
21199.0,230.22
21201.0,230.32
21203.0,230.41
21206.0,230.51
21208.0,230.61
21210.0,230.71
21212.0,230.81
21214.0,230.91
21216.0,231.0
21218.0,231.1
21220.0,231.2
21222.0,231.3
21224.0,231.4
21226.0,231.5
21228.0,231.59
21230.0,231.69
21232.0,231.78
21234.0,231.89
21236.0,231.98
21237.0,232.08
21239.0,232.56
21241.0,232.27
21243.0,232.37
21245.0,232.46
21248.0,232.56
21250.0,232.65
21252.0,232.75
21254.0,232.85
21256.0,232.95
21258.0,233.04
21260.0,233.14
21262.0,233.24
21264.0,233.33
21266.0,233.43
21268.0,233.53
21269.0,233.62
21271.0,233.72
21273.0,233.82
21275.0,233.91
21277.0,234.02
21279.0,234.11
21281.0,234.21
21283.0,234.31
21285.0,234.4
21287.0,234.5
21289.0,234.59
21292.0,234.69
21294.0,234.79
21296.0,234.89
21297.0,234.98
21299.0,235.08
21301.0,235.17
21303.0,235.27
21305.0,235.36
21307.0,235.46
21309.0,235.55
21311.0,235.65
21313.0,235.75
21315.0,235.84
21317.0,235.94
21319.0,236.03
21321.0,236.13
21323.0,236.23
21325.0,236.33
21327.0,236.42
21329.0,236.52
21330.0,236.62
21332.0,236.72
21335.0,236.82
21337.0,236.91
21339.0,237.02
21341.0,237.12
21343.0,237.21
21345.0,237.31
21347.0,237.41
21349.0,237.51
21351.0,237.6
21353.0,237.7
21355.0,237.8
21357.0,237.9
21359.0,237.99
21361.0,238.09
21363.0,238.19
21365.0,238.28
21367.0,238.38
21368.0,238.48
21370.0,238.58
21372.0,238.67
21374.0,238.77
21377.0,238.86
21379.0,238.96
21381.0,239.05
21383.0,239.16
21385.0,239.25
21387.0,239.35
21389.0,239.44
21391.0,239.54
21393.0,239.64
21395.0,239.73
21397.0,239.83
21398.0,239.93
21400.0,240.42
21402.0,240.12
21404.0,240.22
21406.0,240.32
21408.0,240.81
21410.0,240.51
21412.0,240.61
21414.0,240.71
21416.0,240.8
21419.0,240.9
21421.0,240.99
21423.0,241.09
21425.0,241.18
21427.0,241.28
21428.0,241.38
21430.0,241.48
21432.0,241.57
21434.0,241.67
21436.0,241.76
21438.0,241.86
21440.0,241.95
21442.0,242.05
21444.0,242.15
21446.0,242.24
21448.0,242.34
21450.0,242.43
21452.0,242.54
21454.0,242.63
21456.0,242.73
21458.0,242.83
21460.0,242.93
21462.0,243.03
21464.0,243.12
21466.0,243.22
21468.0,243.32
21470.0,243.42
21472.0,243.52
21474.0,243.62
21476.0,243.72
21478.0,243.82
21480.0,243.91
21482.0,244.01
21484.0,244.11
21486.0,244.21
21488.0,244.3
21490.0,244.4
21492.0,244.5
21494.0,244.59
21496.0,244.69
21498.0,244.78
21499.0,244.88
21501.0,244.98
21504.0,245.07
21506.0,245.17
21508.0,245.27
21510.0,245.37
21512.0,245.46
21514.0,245.56
21516.0,245.65
21518.0,245.75
21520.0,245.85
21522.0,245.94
21524.0,246.04
21526.0,246.14
21528.0,246.23
21529.0,246.33
21531.0,246.43
21533.0,246.53
21535.0,246.63
21537.0,246.73
21539.0,246.82
21541.0,246.92
21543.0,247.01
21545.0,247.11
21548.0,247.21
21550.0,247.3
21552.0,247.4
21554.0,247.5
21556.0,247.59
21558.0,247.69
21559.0,247.78
21561.0,248.27
21563.0,247.97
21565.0,248.07
21567.0,248.16
21569.0,248.26
21571.0,248.36
21573.0,248.46
21575.0,248.55
21577.0,248.65
21579.0,248.75
